epc_code,hub_type,event_type,event_time
001.8805843.584374.000000001,Yeongju,commissioning,2025-01-21 17:54
001.8805843.584374.000000001,Yeongju,aggregation,2025-01-21 18:15
001.8805843.584374.000000001,Yeongju,WMS_inbound,2025-01-21 18:55
001.8805843.584374.000000001,Yeongju,WMS_outbound,2025-01-25 7:35
001.8805843.584374.000000001,Busan,stock_inbound(HUB),2025-01-25 10:51
001.8805843.584374.000000001,Busan,stock_outbound(HUB),2025-03-02 4:15
001.8805843.584374.000000001,Busan,stock_inbound(Wholesaler),2025-03-02 12:21
001.8805843.584374.000000001,Busan,stock_outbound(Wholesaler),2025-03-28 3:16
001.8805843.584374.000000001,Busan,stock_inbound(Reseller),2025-03-28 7:33
001.8805843.584374.000000001,Busan,stock_outbound(Sell),2025-04-17 14:25
001.8805843.584374.000000002,Yeongju,commissioning,2025-01-21 17:54
001.8805843.584374.000000002,Yeongju,aggregation,2025-01-21 18:20
001.8805843.584374.000000002,Yeongju,WMS_inbound,2025-01-21 18:50
001.8805843.584374.000000002,Yeongju,WMS_outbound,2025-02-07 6:47
001.8805843.584374.000000002,Daejeon,stock_inbound(HUB),2025-02-07 9:20
001.8805843.584374.000000002,Daejeon,stock_outbound(HUB),2025-03-06 5:35
001.8805843.584374.000000002,Daejeon,stock_inbound(Wholesaler),2025-03-06 6:35
001.8805843.584374.000000002,Daejeon,stock_outbound(Wholesaler),2025-03-29 2:05
001.8805843.584374.000000002,Daejeon,stock_inbound(Reseller),2025-03-29 4:00
001.8805843.584374.000000002,Daejeon,stock_outbound(Sell),2025-03-30 16:34
001.8805843.584374.000000003,Yeongju,commissioning,2025-01-21 17:54
001.8805843.584374.000000003,Yeongju,aggregation,2025-01-21 18:15
001.8805843.584374.000000003,Yeongju,WMS_inbound,2025-01-21 19:11
001.8805843.584374.000000003,Yeongju,WMS_outbound,2025-02-02 20:43
001.8805843.584374.000000003,Busan,stock_inbound(HUB),2025-02-03 1:23
001.8805843.584374.000000003,Busan,stock_outbound(HUB),2025-03-07 2:46
001.8805843.584374.000000003,Busan,stock_inbound(Wholesaler),2025-03-07 6:22
001.8805843.584374.000000003,Busan,stock_outbound(Wholesaler),2025-04-07 0:04
001.8805843.584374.000000003,Busan,stock_inbound(Reseller),2025-04-07 2:29
001.8805843.584374.000000003,Busan,stock_outbound(Sell),2025-04-21 5:36
001.8805843.584374.000000004,Yeongju,commissioning,2025-01-21 17:54
001.8805843.584374.000000004,Yeongju,aggregation,2025-01-21 18:08
001.8805843.584374.000000004,Yeongju,WMS_inbound,2025-01-21 18:59
001.8805843.584374.000000004,Yeongju,WMS_outbound,2025-02-14 6:58
001.8805843.584374.000000004,Daejeon,stock_inbound(HUB),2025-02-14 11:01
001.8805843.584374.000000004,Daejeon,stock_outbound(HUB),2025-03-19 3:36
001.8805843.584374.000000004,Daejeon,stock_inbound(Wholesaler),2025-03-19 11:13
001.8805843.584374.000000004,Daejeon,stock_outbound(Wholesaler),2025-03-30 6:51
001.8805843.584374.000000004,Daejeon,stock_inbound(Reseller),2025-03-30 14:18
001.8805843.584374.000000004,Daejeon,stock_outbound(Sell),2025-04-11 23:39
001.8805843.584374.000000005,Yeongju,commissioning,2025-01-21 17:54
001.8805843.584374.000000005,Yeongju,aggregation,2025-01-21 18:03
001.8805843.584374.000000005,Yeongju,WMS_inbound,2025-01-21 18:22
001.8805843.584374.000000005,Yeongju,WMS_outbound,2025-01-24 20:08
001.8805843.584374.000000005,Busan,stock_inbound(HUB),2025-01-24 22:46
001.8805843.584374.000000005,Busan,stock_outbound(HUB),2025-02-14 22:17
001.8805843.584374.000000005,Busan,stock_inbound(Wholesaler),2025-02-15 3:01
001.8805843.584374.000000005,Busan,stock_outbound(Wholesaler),2025-02-19 6:54
001.8805843.584374.000000005,Busan,stock_inbound(Reseller),2025-02-19 16:05
001.8805843.584374.000000005,Busan,stock_outbound(Sell),2025-02-27 23:18
001.8805843.584374.000000006,Yeongju,commissioning,2025-01-21 17:54
001.8805843.584374.000000006,Yeongju,aggregation,2025-01-21 18:24
001.8805843.584374.000000006,Yeongju,WMS_inbound,2025-01-21 18:49
001.8805843.584374.000000006,Yeongju,WMS_outbound,2025-02-08 16:49
001.8805843.584374.000000006,Gwangju,stock_inbound(HUB),2025-02-08 19:50
001.8805843.584374.000000006,Gwangju,stock_outbound(HUB),2025-02-27 19:01
001.8805843.584374.000000006,Gwangju,stock_inbound(Wholesaler),2025-02-28 3:40
001.8805843.584374.000000006,Gwangju,stock_outbound(Wholesaler),2025-03-15 15:46
001.8805843.584374.000000006,Gwangju,stock_inbound(Reseller),2025-03-15 21:40
001.8805843.584374.000000006,Gwangju,stock_outbound(Sell),2025-04-10 20:43
001.8805843.584374.000000007,Yeongju,commissioning,2025-01-21 17:54
001.8805843.584374.000000007,Yeongju,aggregation,2025-01-21 18:20
001.8805843.584374.000000007,Yeongju,WMS_inbound,2025-01-21 18:38
001.8805843.584374.000000007,Yeongju,WMS_outbound,2025-02-18 5:20
001.8805843.584374.000000007,Seoul,stock_inbound(HUB),2025-02-18 10:57
001.8805843.584374.000000007,Seoul,stock_outbound(HUB),2025-03-10 9:39
001.8805843.584374.000000007,Seoul,stock_inbound(Wholesaler),2025-03-10 18:43
001.8805843.584374.000000007,Seoul,stock_outbound(Wholesaler),2025-03-18 11:47
001.8805843.584374.000000007,Seoul,stock_inbound(Reseller),2025-03-18 13:03
001.8805843.584374.000000007,Seoul,stock_outbound(Sell),2025-04-02 3:43
001.8805843.584374.000000008,Yeongju,commissioning,2025-01-21 17:54
001.8805843.584374.000000008,Yeongju,aggregation,2025-01-21 18:22
001.8805843.584374.000000008,Yeongju,WMS_inbound,2025-01-21 18:56
001.8805843.584374.000000008,Yeongju,WMS_outbound,2025-02-17 12:55
001.8805843.584374.000000008,Busan,stock_inbound(HUB),2025-02-17 20:52
001.8805843.584374.000000008,Busan,stock_outbound(HUB),2025-02-28 14:22
001.8805843.584374.000000008,Busan,stock_inbound(Wholesaler),2025-02-28 19:44
001.8805843.584374.000000008,Busan,stock_outbound(Wholesaler),2025-03-10 17:32
001.8805843.584374.000000008,Busan,stock_inbound(Reseller),2025-03-10 22:10
001.8805843.584374.000000008,Busan,stock_outbound(Sell),2025-04-03 2:53
001.8805843.584374.000000009,Yeongju,commissioning,2025-01-21 17:54
001.8805843.584374.000000009,Yeongju,aggregation,2025-01-21 18:23
001.8805843.584374.000000009,Yeongju,WMS_inbound,2025-01-21 19:01
001.8805843.584374.000000009,Yeongju,WMS_outbound,2025-02-18 8:08
001.8805843.584374.000000009,Busan,stock_inbound(HUB),2025-02-18 16:07
001.8805843.584374.000000009,Busan,stock_outbound(HUB),2025-03-08 6:39
001.8805843.584374.000000009,Busan,stock_inbound(Wholesaler),2025-03-08 15:42
001.8805843.584374.000000009,Busan,stock_outbound(Wholesaler),2025-03-25 21:10
001.8805843.584374.000000009,Busan,stock_inbound(Reseller),2025-03-26 3:47
001.8805843.584374.000000009,Busan,stock_outbound(Sell),2025-04-24 19:47
001.8805843.584374.000000010,Yeongju,commissioning,2025-01-21 17:54
001.8805843.584374.000000010,Yeongju,aggregation,2025-01-21 18:10
001.8805843.584374.000000010,Yeongju,WMS_inbound,2025-01-21 18:36
001.8805843.584374.000000010,Yeongju,WMS_outbound,2025-02-21 2:57
001.8805843.584374.000000010,Busan,stock_inbound(HUB),2025-02-21 5:54
001.8805843.584374.000000010,Busan,stock_outbound(HUB),2025-03-29 2:29
001.8805843.584374.000000010,Busan,stock_inbound(Wholesaler),2025-03-29 3:47
001.8805843.584374.000000010,Busan,stock_outbound(Wholesaler),2025-04-23 13:18
001.8805843.584374.000000010,Busan,stock_inbound(Reseller),2025-04-23 15:59
001.8805843.584374.000000010,Busan,stock_outbound(Sell),2025-05-15 14:41
001.8805843.584374.000000011,Yeongju,commissioning,2025-01-21 17:54
001.8805843.584374.000000011,Yeongju,aggregation,2025-01-21 18:11
001.8805843.584374.000000011,Yeongju,WMS_inbound,2025-01-21 18:29
001.8805843.584374.000000011,Yeongju,WMS_outbound,2025-02-11 6:28
001.8805843.584374.000000011,Daejeon,stock_inbound(HUB),2025-02-11 14:45
001.8805843.584374.000000011,Daejeon,stock_outbound(HUB),2025-03-01 8:16
001.8805843.584374.000000011,Daejeon,stock_inbound(Wholesaler),2025-03-01 9:34
001.8805843.584374.000000011,Daejeon,stock_outbound(Wholesaler),2025-03-22 2:16
001.8805843.584374.000000011,Daejeon,stock_inbound(Reseller),2025-03-22 8:30
001.8805843.584374.000000011,Daejeon,stock_outbound(Sell),2025-04-26 19:31
001.8805843.584374.000000012,Yeongju,commissioning,2025-01-21 17:54
001.8805843.584374.000000012,Yeongju,aggregation,2025-01-21 18:10
001.8805843.584374.000000012,Yeongju,WMS_inbound,2025-01-21 18:49
001.8805843.584374.000000012,Yeongju,WMS_outbound,2025-01-31 1:45
001.8805843.584374.000000012,Daegu,stock_inbound(HUB),2025-01-31 2:49
001.8805843.584374.000000012,Daegu,stock_outbound(HUB),2025-02-09 23:27
001.8805843.584374.000000012,Daegu,stock_inbound(Wholesaler),2025-02-10 3:53
001.8805843.584374.000000012,Daegu,stock_outbound(Wholesaler),2025-03-05 13:54
001.8805843.584374.000000012,Daegu,stock_inbound(Reseller),2025-03-05 19:24
001.8805843.584374.000000012,Daegu,stock_outbound(Sell),2025-04-04 11:57
001.8805843.584374.000000013,Yeongju,commissioning,2025-01-21 17:54
001.8805843.584374.000000013,Yeongju,aggregation,2025-01-21 18:14
001.8805843.584374.000000013,Yeongju,WMS_inbound,2025-01-21 18:38
001.8805843.584374.000000013,Yeongju,WMS_outbound,2025-02-04 20:16
001.8805843.584374.000000013,Gwangju,stock_inbound(HUB),2025-02-04 21:21
001.8805843.584374.000000013,Gwangju,stock_outbound(HUB),2025-03-11 20:41
001.8805843.584374.000000013,Gwangju,stock_inbound(Wholesaler),2025-03-11 22:38
001.8805843.584374.000000013,Gwangju,stock_outbound(Wholesaler),2025-04-05 14:26
001.8805843.584374.000000013,Gwangju,stock_inbound(Reseller),2025-04-05 22:52
001.8805843.584374.000000013,Gwangju,stock_outbound(Sell),2025-05-08 0:12
001.8805843.584374.000000014,Yeongju,commissioning,2025-01-21 17:54
001.8805843.584374.000000014,Yeongju,aggregation,2025-01-21 18:03
001.8805843.584374.000000014,Yeongju,WMS_inbound,2025-01-21 19:02
001.8805843.584374.000000014,Yeongju,WMS_outbound,2025-01-25 11:35
001.8805843.584374.000000014,Busan,stock_inbound(HUB),2025-01-25 15:25
001.8805843.584374.000000014,Busan,stock_outbound(HUB),2025-02-24 13:34
001.8805843.584374.000000014,Busan,stock_inbound(Wholesaler),2025-02-24 17:57
001.8805843.584374.000000014,Busan,stock_outbound(Wholesaler),2025-03-16 10:46
001.8805843.584374.000000014,Busan,stock_inbound(Reseller),2025-03-16 16:59
001.8805843.584374.000000014,Busan,stock_outbound(Sell),2025-04-02 2:45
001.8805843.584374.000000015,Yeongju,commissioning,2025-01-21 17:54
001.8805843.584374.000000015,Yeongju,aggregation,2025-01-21 18:20
001.8805843.584374.000000015,Yeongju,WMS_inbound,2025-01-21 18:43
001.8805843.584374.000000015,Yeongju,WMS_outbound,2025-02-26 9:56
001.8805843.584374.000000015,Daejeon,stock_inbound(HUB),2025-02-26 19:33
001.8805843.584374.000000015,Daejeon,stock_outbound(HUB),2025-03-24 16:59
001.8805843.584374.000000015,Daejeon,stock_inbound(Wholesaler),2025-03-24 18:54
001.8805843.584374.000000015,Daejeon,stock_outbound(Wholesaler),2025-04-17 8:00
001.8805843.584374.000000015,Daejeon,stock_inbound(Reseller),2025-04-17 16:46
001.8805843.584374.000000015,Daejeon,stock_outbound(Sell),2025-05-08 4:41
001.8805843.584374.000000016,Yeongju,commissioning,2025-01-21 17:54
001.8805843.584374.000000016,Yeongju,aggregation,2025-01-21 18:01
001.8805843.584374.000000016,Yeongju,WMS_inbound,2025-01-21 18:32
001.8805843.584374.000000016,Yeongju,WMS_outbound,2025-02-24 23:02
001.8805843.584374.000000016,Daegu,stock_inbound(HUB),2025-02-25 8:37
001.8805843.584374.000000016,Daegu,stock_outbound(HUB),2025-03-09 5:21
001.8805843.584374.000000016,Daegu,stock_inbound(Wholesaler),2025-03-09 8:20
001.8805843.584374.000000016,Daegu,stock_outbound(Wholesaler),2025-03-26 19:52
001.8805843.584374.000000016,Daegu,stock_inbound(Reseller),2025-03-27 2:38
001.8805843.584374.000000016,Daegu,stock_outbound(Sell),2025-04-27 4:15
001.8805843.584374.000000017,Yeongju,commissioning,2025-01-21 17:54
001.8805843.584374.000000017,Yeongju,aggregation,2025-01-21 18:00
001.8805843.584374.000000017,Yeongju,WMS_inbound,2025-01-21 19:00
001.8805843.584374.000000017,Yeongju,WMS_outbound,2025-02-12 5:57
001.8805843.584374.000000017,Daegu,stock_inbound(HUB),2025-02-12 10:49
001.8805843.584374.000000017,Daegu,stock_outbound(HUB),2025-02-15 2:53
001.8805843.584374.000000017,Daegu,stock_inbound(Wholesaler),2025-02-15 10:32
001.8805843.584374.000000017,Daegu,stock_outbound(Wholesaler),2025-03-04 3:41
001.8805843.584374.000000017,Daegu,stock_inbound(Reseller),2025-03-04 10:29
001.8805843.584374.000000017,Daegu,stock_outbound(Sell),2025-03-31 16:21
001.8805843.584374.000000018,Yeongju,commissioning,2025-01-21 17:54
001.8805843.584374.000000018,Yeongju,aggregation,2025-01-21 17:58
001.8805843.584374.000000018,Yeongju,WMS_inbound,2025-01-21 18:33
001.8805843.584374.000000018,Yeongju,WMS_outbound,2025-01-22 2:36
001.8805843.584374.000000018,Daegu,stock_inbound(HUB),2025-01-22 8:31
001.8805843.584374.000000018,Daegu,stock_outbound(HUB),2025-02-17 3:15
001.8805843.584374.000000018,Daegu,stock_inbound(Wholesaler),2025-02-17 12:10
001.8805843.584374.000000018,Daegu,stock_outbound(Wholesaler),2025-03-22 19:42
001.8805843.584374.000000018,Daegu,stock_inbound(Reseller),2025-03-23 1:26
001.8805843.584374.000000018,Daegu,stock_outbound(Sell),2025-04-22 16:56
001.8805843.584374.000000019,Yeongju,commissioning,2025-01-21 17:54
001.8805843.584374.000000019,Yeongju,aggregation,2025-01-21 18:00
001.8805843.584374.000000019,Yeongju,WMS_inbound,2025-01-21 18:12
001.8805843.584374.000000019,Yeongju,WMS_outbound,2025-02-01 8:34
001.8805843.584374.000000019,Seoul,stock_inbound(HUB),2025-02-01 15:06
001.8805843.584374.000000019,Seoul,stock_outbound(HUB),2025-02-21 1:51
001.8805843.584374.000000019,Seoul,stock_inbound(Wholesaler),2025-02-21 3:01
001.8805843.584374.000000019,Seoul,stock_outbound(Wholesaler),2025-03-03 5:29
001.8805843.584374.000000019,Seoul,stock_inbound(Reseller),2025-03-03 13:45
001.8805843.584374.000000019,Seoul,stock_outbound(Sell),2025-03-21 7:33
001.8805843.584374.000000020,Yeongju,commissioning,2025-01-21 17:54
001.8805843.584374.000000020,Yeongju,aggregation,2025-01-21 18:10
001.8805843.584374.000000020,Yeongju,WMS_inbound,2025-01-21 19:02
001.8805843.584374.000000020,Yeongju,WMS_outbound,2025-02-27 6:49
001.8805843.584374.000000020,Busan,stock_inbound(HUB),2025-02-27 14:09
001.8805843.584374.000000020,Busan,stock_outbound(HUB),2025-03-03 12:29
001.8805843.584374.000000020,Busan,stock_inbound(Wholesaler),2025-03-03 15:18
001.8805843.584374.000000020,Busan,stock_outbound(Wholesaler),2025-03-03 20:19
001.8805843.584374.000000020,Busan,stock_inbound(Reseller),2025-03-04 0:02
001.8805843.584374.000000020,Busan,stock_outbound(Sell),2025-03-26 14:42
001.8805843.584374.000000021,Yeongju,commissioning,2025-01-21 17:54
001.8805843.584374.000000021,Yeongju,aggregation,2025-01-21 18:08
001.8805843.584374.000000021,Yeongju,WMS_inbound,2025-01-21 18:50
001.8805843.584374.000000021,Yeongju,WMS_outbound,2025-02-15 7:09
001.8805843.584374.000000021,Seoul,stock_inbound(HUB),2025-02-15 12:28
001.8805843.584374.000000021,Seoul,stock_outbound(HUB),2025-03-21 1:22
001.8805843.584374.000000021,Seoul,stock_inbound(Wholesaler),2025-03-21 7:56
001.8805843.584374.000000021,Seoul,stock_outbound(Wholesaler),2025-04-08 5:02
001.8805843.584374.000000021,Seoul,stock_inbound(Reseller),2025-04-08 14:24
001.8805843.584374.000000021,Seoul,stock_outbound(Sell),2025-05-04 0:36
001.8805843.584374.000000022,Yeongju,commissioning,2025-01-21 17:54
001.8805843.584374.000000022,Yeongju,aggregation,2025-01-21 18:14
001.8805843.584374.000000022,Yeongju,WMS_inbound,2025-01-21 18:44
001.8805843.584374.000000022,Yeongju,WMS_outbound,2025-02-13 7:26
001.8805843.584374.000000022,Busan,stock_inbound(HUB),2025-02-13 15:59
001.8805843.584374.000000022,Busan,stock_outbound(HUB),2025-02-15 4:19
001.8805843.584374.000000022,Busan,stock_inbound(Wholesaler),2025-02-15 11:16
001.8805843.584374.000000022,Busan,stock_outbound(Wholesaler),2025-03-21 22:44
001.8805843.584374.000000022,Busan,stock_inbound(Reseller),2025-03-22 0:26
001.8805843.584374.000000022,Busan,stock_outbound(Sell),2025-04-18 6:33
001.8805843.584374.000000023,Yeongju,commissioning,2025-01-21 17:54
001.8805843.584374.000000023,Yeongju,aggregation,2025-01-21 18:08
001.8805843.584374.000000023,Yeongju,WMS_inbound,2025-01-21 19:03
001.8805843.584374.000000023,Yeongju,WMS_outbound,2025-02-07 3:54
001.8805843.584374.000000023,Seoul,stock_inbound(HUB),2025-02-07 5:16
001.8805843.584374.000000023,Seoul,stock_outbound(HUB),2025-02-24 0:31
001.8805843.584374.000000023,Seoul,stock_inbound(Wholesaler),2025-02-24 2:29
001.8805843.584374.000000023,Seoul,stock_outbound(Wholesaler),2025-03-12 16:10
001.8805843.584374.000000023,Seoul,stock_inbound(Reseller),2025-03-12 21:01
001.8805843.584374.000000023,Seoul,stock_outbound(Sell),2025-03-14 21:38
001.8805843.584374.000000024,Yeongju,commissioning,2025-01-21 17:54
001.8805843.584374.000000024,Yeongju,aggregation,2025-01-21 18:00
001.8805843.584374.000000024,Yeongju,WMS_inbound,2025-01-21 18:23
001.8805843.584374.000000024,Yeongju,WMS_outbound,2025-01-30 15:05
001.8805843.584374.000000024,Busan,stock_inbound(HUB),2025-01-31 1:00
001.8805843.584374.000000024,Busan,stock_outbound(HUB),2025-03-06 23:00
001.8805843.584374.000000024,Busan,stock_inbound(Wholesaler),2025-03-07 0:18
001.8805843.584374.000000024,Busan,stock_outbound(Wholesaler),2025-04-11 23:20
001.8805843.584374.000000024,Busan,stock_inbound(Reseller),2025-04-12 7:28
001.8805843.584374.000000024,Busan,stock_outbound(Sell),2025-04-17 15:26
001.8805843.584374.000000025,Yeongju,commissioning,2025-01-21 17:54
001.8805843.584374.000000025,Yeongju,aggregation,2025-01-21 18:12
001.8805843.584374.000000025,Yeongju,WMS_inbound,2025-01-21 18:40
001.8805843.584374.000000025,Yeongju,WMS_outbound,2025-02-22 16:00
001.8805843.584374.000000025,Busan,stock_inbound(HUB),2025-02-22 19:32
001.8805843.584374.000000025,Busan,stock_outbound(HUB),2025-03-18 11:38
001.8805843.584374.000000025,Busan,stock_inbound(Wholesaler),2025-03-18 13:42
001.8805843.584374.000000025,Busan,stock_outbound(Wholesaler),2025-03-22 23:25
001.8805843.584374.000000025,Busan,stock_inbound(Reseller),2025-03-23 0:36
001.8805843.584374.000000025,Busan,stock_outbound(Sell),2025-04-02 7:14
001.8805843.584374.000000026,Yeongju,commissioning,2025-01-21 17:54
001.8805843.584374.000000026,Yeongju,aggregation,2025-01-21 18:11
001.8805843.584374.000000026,Yeongju,WMS_inbound,2025-01-21 19:03
001.8805843.584374.000000026,Yeongju,WMS_outbound,2025-02-26 1:15
001.8805843.584374.000000026,Gwangju,stock_inbound(HUB),2025-02-26 8:12
001.8805843.584374.000000026,Gwangju,stock_outbound(HUB),2025-03-09 14:31
001.8805843.584374.000000026,Gwangju,stock_inbound(Wholesaler),2025-03-09 18:42
001.8805843.584374.000000026,Gwangju,stock_outbound(Wholesaler),2025-04-11 4:12
001.8805843.584374.000000026,Gwangju,stock_inbound(Reseller),2025-04-11 7:14
001.8805843.584374.000000026,Gwangju,stock_outbound(Sell),2025-05-07 22:30
001.8805843.584374.000000027,Yeongju,commissioning,2025-01-21 17:54
001.8805843.584374.000000027,Yeongju,aggregation,2025-01-21 18:05
001.8805843.584374.000000027,Yeongju,WMS_inbound,2025-01-21 18:58
001.8805843.584374.000000027,Yeongju,WMS_outbound,2025-01-30 7:13
001.8805843.584374.000000027,Busan,stock_inbound(HUB),2025-01-30 16:56
001.8805843.584374.000000027,Busan,stock_outbound(HUB),2025-02-12 10:28
001.8805843.584374.000000027,Busan,stock_inbound(Wholesaler),2025-02-12 16:15
001.8805843.584374.000000027,Busan,stock_outbound(Wholesaler),2025-02-22 12:56
001.8805843.584374.000000027,Busan,stock_inbound(Reseller),2025-02-22 18:27
001.8805843.584374.000000027,Busan,stock_outbound(Sell),2025-03-14 9:36
001.8805843.584374.000000028,Yeongju,commissioning,2025-01-21 17:54
001.8805843.584374.000000028,Yeongju,aggregation,2025-01-21 18:16
001.8805843.584374.000000028,Yeongju,WMS_inbound,2025-01-21 18:40
001.8805843.584374.000000028,Yeongju,WMS_outbound,2025-02-04 4:28
001.8805843.584374.000000028,Seoul,stock_inbound(HUB),2025-02-04 8:14
001.8805843.584374.000000028,Seoul,stock_outbound(HUB),2025-03-06 12:57
001.8805843.584374.000000028,Seoul,stock_inbound(Wholesaler),2025-03-06 20:39
001.8805843.584374.000000028,Seoul,stock_outbound(Wholesaler),2025-04-09 14:15
001.8805843.584374.000000028,Seoul,stock_inbound(Reseller),2025-04-09 22:42
001.8805843.584374.000000028,Seoul,stock_outbound(Sell),2025-05-04 19:17
001.8805843.584374.000000029,Yeongju,commissioning,2025-01-21 17:54
001.8805843.584374.000000029,Yeongju,aggregation,2025-01-21 18:12
001.8805843.584374.000000029,Yeongju,WMS_inbound,2025-01-21 18:53
001.8805843.584374.000000029,Yeongju,WMS_outbound,2025-02-18 18:58
001.8805843.584374.000000029,Busan,stock_inbound(HUB),2025-02-19 0:50
001.8805843.584374.000000029,Busan,stock_outbound(HUB),2025-03-23 0:44
001.8805843.584374.000000029,Busan,stock_inbound(Wholesaler),2025-03-23 7:51
001.8805843.584374.000000029,Busan,stock_outbound(Wholesaler),2025-04-23 22:47
001.8805843.584374.000000029,Busan,stock_inbound(Reseller),2025-04-24 6:13
001.8805843.584374.000000029,Busan,stock_outbound(Sell),2025-05-17 12:55
001.8805843.584374.000000030,Yeongju,commissioning,2025-01-21 17:54
001.8805843.584374.000000030,Yeongju,aggregation,2025-01-21 17:58
001.8805843.584374.000000030,Yeongju,WMS_inbound,2025-01-21 18:51
001.8805843.584374.000000030,Yeongju,WMS_outbound,2025-02-09 10:19
001.8805843.584374.000000030,Busan,stock_inbound(HUB),2025-02-09 15:41
001.8805843.584374.000000030,Busan,stock_outbound(HUB),2025-02-18 9:36
001.8805843.584374.000000030,Busan,stock_inbound(Wholesaler),2025-02-18 15:01
001.8805843.584374.000000030,Busan,stock_outbound(Wholesaler),2025-03-17 4:11
001.8805843.584374.000000030,Busan,stock_inbound(Reseller),2025-03-17 6:18
001.8805843.584374.000000030,Busan,stock_outbound(Sell),2025-04-09 0:23
001.8805843.584374.000000031,Yeongju,commissioning,2025-01-21 17:54
001.8805843.584374.000000031,Yeongju,aggregation,2025-01-21 18:23
001.8805843.584374.000000031,Yeongju,WMS_inbound,2025-01-21 18:56
001.8805843.584374.000000031,Yeongju,WMS_outbound,2025-02-21 1:32
001.8805843.584374.000000031,Seoul,stock_inbound(HUB),2025-02-21 7:12
001.8805843.584374.000000031,Seoul,stock_outbound(HUB),2025-03-02 16:55
001.8805843.584374.000000031,Seoul,stock_inbound(Wholesaler),2025-03-02 21:48
001.8805843.584374.000000031,Seoul,stock_outbound(Wholesaler),2025-04-07 22:43
001.8805843.584374.000000031,Seoul,stock_inbound(Reseller),2025-04-08 1:34
001.8805843.584374.000000031,Seoul,stock_outbound(Sell),2025-05-07 13:53
001.8805843.584374.000000032,Yeongju,commissioning,2025-01-21 17:54
001.8805843.584374.000000032,Yeongju,aggregation,2025-01-21 18:05
001.8805843.584374.000000032,Yeongju,WMS_inbound,2025-01-21 18:34
001.8805843.584374.000000032,Yeongju,WMS_outbound,2025-01-27 5:08
001.8805843.584374.000000032,Daegu,stock_inbound(HUB),2025-01-27 7:12
001.8805843.584374.000000032,Daegu,stock_outbound(HUB),2025-02-02 1:17
001.8805843.584374.000000032,Daegu,stock_inbound(Wholesaler),2025-02-02 10:06
001.8805843.584374.000000032,Daegu,stock_outbound(Wholesaler),2025-02-19 10:09
001.8805843.584374.000000032,Daegu,stock_inbound(Reseller),2025-02-19 17:49
001.8805843.584374.000000032,Daegu,stock_outbound(Sell),2025-03-12 13:25
001.8805843.584374.000000033,Yeongju,commissioning,2025-01-21 17:54
001.8805843.584374.000000033,Yeongju,aggregation,2025-01-21 18:01
001.8805843.584374.000000033,Yeongju,WMS_inbound,2025-01-21 18:45
001.8805843.584374.000000033,Yeongju,WMS_outbound,2025-02-12 6:26
001.8805843.584374.000000033,Busan,stock_inbound(HUB),2025-02-12 12:14
001.8805843.584374.000000033,Busan,stock_outbound(HUB),2025-03-08 1:01
001.8805843.584374.000000033,Busan,stock_inbound(Wholesaler),2025-03-08 7:49
001.8805843.584374.000000033,Busan,stock_outbound(Wholesaler),2025-04-07 21:42
001.8805843.584374.000000033,Busan,stock_inbound(Reseller),2025-04-07 22:46
001.8805843.584374.000000033,Busan,stock_outbound(Sell),2025-05-08 12:42
001.8805843.584374.000000034,Yeongju,commissioning,2025-01-21 17:54
001.8805843.584374.000000034,Yeongju,aggregation,2025-01-21 17:57
001.8805843.584374.000000034,Yeongju,WMS_inbound,2025-01-21 18:42
001.8805843.584374.000000034,Yeongju,WMS_outbound,2025-01-25 4:44
001.8805843.584374.000000034,Gwangju,stock_inbound(HUB),2025-01-25 11:24
001.8805843.584374.000000034,Gwangju,stock_outbound(HUB),2025-02-11 10:26
001.8805843.584374.000000034,Gwangju,stock_inbound(Wholesaler),2025-02-11 18:08
001.8805843.584374.000000034,Gwangju,stock_outbound(Wholesaler),2025-03-15 10:07
001.8805843.584374.000000034,Gwangju,stock_inbound(Reseller),2025-03-15 11:40
001.8805843.584374.000000034,Gwangju,stock_outbound(Sell),2025-04-19 22:46
001.8805843.584374.000000035,Yeongju,commissioning,2025-01-21 17:54
001.8805843.584374.000000035,Yeongju,aggregation,2025-01-21 18:05
001.8805843.584374.000000035,Yeongju,WMS_inbound,2025-01-21 19:05
001.8805843.584374.000000035,Yeongju,WMS_outbound,2025-02-04 11:56
001.8805843.584374.000000035,Seoul,stock_inbound(HUB),2025-02-04 15:49
001.8805843.584374.000000035,Seoul,stock_outbound(HUB),2025-02-25 14:56
001.8805843.584374.000000035,Seoul,stock_inbound(Wholesaler),2025-02-25 17:20
001.8805843.584374.000000035,Seoul,stock_outbound(Wholesaler),2025-03-17 4:44
001.8805843.584374.000000035,Seoul,stock_inbound(Reseller),2025-03-17 9:34
001.8805843.584374.000000035,Seoul,stock_outbound(Sell),2025-03-18 17:47
001.8805843.584374.000000036,Yeongju,commissioning,2025-01-21 17:54
001.8805843.584374.000000036,Yeongju,aggregation,2025-01-21 18:06
001.8805843.584374.000000036,Yeongju,WMS_inbound,2025-01-21 18:42
001.8805843.584374.000000036,Yeongju,WMS_outbound,2025-02-06 22:17
001.8805843.584374.000000036,Daejeon,stock_inbound(HUB),2025-02-07 6:13
001.8805843.584374.000000036,Daejeon,stock_outbound(HUB),2025-02-15 2:16
001.8805843.584374.000000036,Daejeon,stock_inbound(Wholesaler),2025-02-15 3:16
001.8805843.584374.000000036,Daejeon,stock_outbound(Wholesaler),2025-02-25 16:40
001.8805843.584374.000000036,Daejeon,stock_inbound(Reseller),2025-02-25 22:29
001.8805843.584374.000000036,Daejeon,stock_outbound(Sell),2025-03-10 10:22
001.8805843.584374.000000037,Yeongju,commissioning,2025-01-21 17:54
001.8805843.584374.000000037,Yeongju,aggregation,2025-01-21 18:10
001.8805843.584374.000000037,Yeongju,WMS_inbound,2025-01-21 18:24
001.8805843.584374.000000037,Yeongju,WMS_outbound,2025-02-04 4:11
001.8805843.584374.000000037,Busan,stock_inbound(HUB),2025-02-04 8:42
001.8805843.584374.000000037,Busan,stock_outbound(HUB),2025-03-09 6:35
001.8805843.584374.000000037,Busan,stock_inbound(Wholesaler),2025-03-09 7:54
001.8805843.584374.000000037,Busan,stock_outbound(Wholesaler),2025-04-07 21:09
001.8805843.584374.000000037,Busan,stock_inbound(Reseller),2025-04-08 2:12
001.8805843.584374.000000037,Busan,stock_outbound(Sell),2025-05-05 0:16
001.8805843.584374.000000038,Yeongju,commissioning,2025-01-21 17:54
001.8805843.584374.000000038,Yeongju,aggregation,2025-01-21 18:17
001.8805843.584374.000000038,Yeongju,WMS_inbound,2025-01-21 18:56
001.8805843.584374.000000038,Yeongju,WMS_outbound,2025-02-06 5:20
001.8805843.584374.000000038,Gwangju,stock_inbound(HUB),2025-02-06 8:30
001.8805843.584374.000000038,Gwangju,stock_outbound(HUB),2025-02-18 2:01
001.8805843.584374.000000038,Gwangju,stock_inbound(Wholesaler),2025-02-18 3:50
001.8805843.584374.000000038,Gwangju,stock_outbound(Wholesaler),2025-03-07 5:27
001.8805843.584374.000000038,Gwangju,stock_inbound(Reseller),2025-03-07 11:09
001.8805843.584374.000000038,Gwangju,stock_outbound(Sell),2025-03-28 10:02
001.8805843.584374.000000039,Yeongju,commissioning,2025-01-21 17:54
001.8805843.584374.000000039,Yeongju,aggregation,2025-01-21 18:15
001.8805843.584374.000000039,Yeongju,WMS_inbound,2025-01-21 18:53
001.8805843.584374.000000039,Yeongju,WMS_outbound,2025-02-17 18:44
001.8805843.584374.000000039,Gwangju,stock_inbound(HUB),2025-02-17 20:35
001.8805843.584374.000000039,Gwangju,stock_outbound(HUB),2025-02-27 16:27
001.8805843.584374.000000039,Gwangju,stock_inbound(Wholesaler),2025-02-27 19:22
001.8805843.584374.000000039,Gwangju,stock_outbound(Wholesaler),2025-03-09 11:34
001.8805843.584374.000000039,Gwangju,stock_inbound(Reseller),2025-03-09 18:40
001.8805843.584374.000000039,Gwangju,stock_outbound(Sell),2025-04-09 17:36
001.8805843.584374.000000040,Yeongju,commissioning,2025-01-21 17:54
001.8805843.584374.000000040,Yeongju,aggregation,2025-01-21 18:06
001.8805843.584374.000000040,Yeongju,WMS_inbound,2025-01-21 18:19
001.8805843.584374.000000040,Yeongju,WMS_outbound,2025-02-26 17:18
001.8805843.584374.000000040,Daejeon,stock_inbound(HUB),2025-02-26 18:34
001.8805843.584374.000000040,Daejeon,stock_outbound(HUB),2025-03-31 13:31
001.8805843.584374.000000040,Daejeon,stock_inbound(Wholesaler),2025-03-31 22:44
001.8805843.584374.000000040,Daejeon,stock_outbound(Wholesaler),2025-04-13 15:52
001.8805843.584374.000000040,Daejeon,stock_inbound(Reseller),2025-04-13 20:07
001.8805843.584374.000000040,Daejeon,stock_outbound(Sell),2025-04-29 20:26
001.8805843.584374.000000041,Yeongju,commissioning,2025-01-21 17:54
001.8805843.584374.000000041,Yeongju,aggregation,2025-01-21 17:56
001.8805843.584374.000000041,Yeongju,WMS_inbound,2025-01-21 18:39
001.8805843.584374.000000041,Yeongju,WMS_outbound,2025-01-23 22:36
001.8805843.584374.000000041,Seoul,stock_inbound(HUB),2025-01-24 0:55
001.8805843.584374.000000041,Seoul,stock_outbound(HUB),2025-02-05 10:44
001.8805843.584374.000000041,Seoul,stock_inbound(Wholesaler),2025-02-05 20:13
001.8805843.584374.000000041,Seoul,stock_outbound(Wholesaler),2025-02-26 21:51
001.8805843.584374.000000041,Seoul,stock_inbound(Reseller),2025-02-27 0:31
001.8805843.584374.000000041,Seoul,stock_outbound(Sell),2025-03-30 13:09
001.8805843.584374.000000042,Yeongju,commissioning,2025-01-21 17:54
001.8805843.584374.000000042,Yeongju,aggregation,2025-01-21 18:20
001.8805843.584374.000000042,Yeongju,WMS_inbound,2025-01-21 18:58
001.8805843.584374.000000042,Yeongju,WMS_outbound,2025-02-02 9:26
001.8805843.584374.000000042,Busan,stock_inbound(HUB),2025-02-02 14:15
001.8805843.584374.000000042,Busan,stock_outbound(HUB),2025-03-10 7:06
001.8805843.584374.000000042,Busan,stock_inbound(Wholesaler),2025-03-10 10:17
001.8805843.584374.000000042,Busan,stock_outbound(Wholesaler),2025-03-23 3:13
001.8805843.584374.000000042,Busan,stock_inbound(Reseller),2025-03-23 13:12
001.8805843.584374.000000042,Busan,stock_outbound(Sell),2025-04-25 8:27
001.8805843.584374.000000043,Yeongju,commissioning,2025-01-21 17:54
001.8805843.584374.000000043,Yeongju,aggregation,2025-01-21 17:59
001.8805843.584374.000000043,Yeongju,WMS_inbound,2025-01-21 18:09
001.8805843.584374.000000043,Yeongju,WMS_outbound,2025-02-13 4:36
001.8805843.584374.000000043,Gwangju,stock_inbound(HUB),2025-02-13 8:24
001.8805843.584374.000000043,Gwangju,stock_outbound(HUB),2025-03-01 15:28
001.8805843.584374.000000043,Gwangju,stock_inbound(Wholesaler),2025-03-02 0:21
001.8805843.584374.000000043,Gwangju,stock_outbound(Wholesaler),2025-03-29 10:08
001.8805843.584374.000000043,Gwangju,stock_inbound(Reseller),2025-03-29 18:50
001.8805843.584374.000000043,Gwangju,stock_outbound(Sell),2025-04-21 5:11
001.8805843.584374.000000044,Yeongju,commissioning,2025-01-21 17:54
001.8805843.584374.000000044,Yeongju,aggregation,2025-01-21 18:18
001.8805843.584374.000000044,Yeongju,WMS_inbound,2025-01-21 19:05
001.8805843.584374.000000044,Yeongju,WMS_outbound,2025-02-07 12:21
001.8805843.584374.000000044,Daegu,stock_inbound(HUB),2025-02-07 16:52
001.8805843.584374.000000044,Daegu,stock_outbound(HUB),2025-02-14 18:39
001.8805843.584374.000000044,Daegu,stock_inbound(Wholesaler),2025-02-15 1:47
001.8805843.584374.000000044,Daegu,stock_outbound(Wholesaler),2025-03-02 17:06
001.8805843.584374.000000044,Daegu,stock_inbound(Reseller),2025-03-02 19:26
001.8805843.584374.000000044,Daegu,stock_outbound(Sell),2025-03-19 9:24
001.8805843.584374.000000045,Yeongju,commissioning,2025-01-21 17:54
001.8805843.584374.000000045,Yeongju,aggregation,2025-01-21 18:15
001.8805843.584374.000000045,Yeongju,WMS_inbound,2025-01-21 18:54
001.8805843.584374.000000045,Yeongju,WMS_outbound,2025-01-25 16:31
001.8805843.584374.000000045,Seoul,stock_inbound(HUB),2025-01-25 19:33
001.8805843.584374.000000045,Seoul,stock_outbound(HUB),2025-03-01 20:11
001.8805843.584374.000000045,Seoul,stock_inbound(Wholesaler),2025-03-02 2:30
001.8805843.584374.000000045,Seoul,stock_outbound(Wholesaler),2025-03-29 20:19
001.8805843.584374.000000045,Seoul,stock_inbound(Reseller),2025-03-29 21:36
001.8805843.584374.000000045,Seoul,stock_outbound(Sell),2025-04-06 15:08
001.8805843.584374.000000046,Yeongju,commissioning,2025-01-21 17:54
001.8805843.584374.000000046,Yeongju,aggregation,2025-01-21 18:23
001.8805843.584374.000000046,Yeongju,WMS_inbound,2025-01-21 19:12
001.8805843.584374.000000046,Yeongju,WMS_outbound,2025-01-31 0:05
001.8805843.584374.000000046,Daejeon,stock_inbound(HUB),2025-01-31 8:16
001.8805843.584374.000000046,Daejeon,stock_outbound(HUB),2025-02-02 16:22
001.8805843.584374.000000046,Daejeon,stock_inbound(Wholesaler),2025-02-03 1:29
001.8805843.584374.000000046,Daejeon,stock_outbound(Wholesaler),2025-02-21 11:43
001.8805843.584374.000000046,Daejeon,stock_inbound(Reseller),2025-02-21 16:44
001.8805843.584374.000000046,Daejeon,stock_outbound(Sell),2025-02-27 14:11
001.8805843.584374.000000047,Yeongju,commissioning,2025-01-21 17:54
001.8805843.584374.000000047,Yeongju,aggregation,2025-01-21 18:08
001.8805843.584374.000000047,Yeongju,WMS_inbound,2025-01-21 18:31
001.8805843.584374.000000047,Yeongju,WMS_outbound,2025-02-15 21:28
001.8805843.584374.000000047,Daejeon,stock_inbound(HUB),2025-02-16 5:22
001.8805843.584374.000000047,Daejeon,stock_outbound(HUB),2025-03-05 0:43
001.8805843.584374.000000047,Daejeon,stock_inbound(Wholesaler),2025-03-05 6:35
001.8805843.584374.000000047,Daejeon,stock_outbound(Wholesaler),2025-04-05 14:38
001.8805843.584374.000000047,Daejeon,stock_inbound(Reseller),2025-04-05 18:06
001.8805843.584374.000000047,Daejeon,stock_outbound(Sell),2025-04-08 6:35
001.8805843.584374.000000048,Yeongju,commissioning,2025-01-21 17:54
001.8805843.584374.000000048,Yeongju,aggregation,2025-01-21 18:07
001.8805843.584374.000000048,Yeongju,WMS_inbound,2025-01-21 19:05
001.8805843.584374.000000048,Yeongju,WMS_outbound,2025-02-06 3:06
001.8805843.584374.000000048,Gwangju,stock_inbound(HUB),2025-02-06 8:42
001.8805843.584374.000000048,Gwangju,stock_outbound(HUB),2025-03-05 6:57
001.8805843.584374.000000048,Gwangju,stock_inbound(Wholesaler),2025-03-05 12:47
001.8805843.584374.000000048,Gwangju,stock_outbound(Wholesaler),2025-03-14 14:51
001.8805843.584374.000000048,Gwangju,stock_inbound(Reseller),2025-03-14 19:44
001.8805843.584374.000000048,Gwangju,stock_outbound(Sell),2025-04-18 6:48
001.8805843.584374.000000049,Yeongju,commissioning,2025-01-21 17:54
001.8805843.584374.000000049,Yeongju,aggregation,2025-01-21 18:12
001.8805843.584374.000000049,Yeongju,WMS_inbound,2025-01-21 18:44
001.8805843.584374.000000049,Yeongju,WMS_outbound,2025-01-24 16:43
001.8805843.584374.000000049,Seoul,stock_inbound(HUB),2025-01-24 21:05
001.8805843.584374.000000049,Seoul,stock_outbound(HUB),2025-02-18 20:46
001.8805843.584374.000000049,Seoul,stock_inbound(Wholesaler),2025-02-19 0:59
001.8805843.584374.000000049,Seoul,stock_outbound(Wholesaler),2025-03-01 10:00
001.8805843.584374.000000049,Seoul,stock_inbound(Reseller),2025-03-01 12:19
001.8805843.584374.000000049,Seoul,stock_outbound(Sell),2025-03-06 1:42
001.8805843.584374.000000050,Yeongju,commissioning,2025-01-21 17:54
001.8805843.584374.000000050,Yeongju,aggregation,2025-01-21 18:00
001.8805843.584374.000000050,Yeongju,WMS_inbound,2025-01-21 18:49
001.8805843.584374.000000050,Yeongju,WMS_outbound,2025-02-21 17:26
001.8805843.584374.000000050,Daegu,stock_inbound(HUB),2025-02-21 18:27
001.8805843.584374.000000050,Daegu,stock_outbound(HUB),2025-03-12 18:22
001.8805843.584374.000000050,Daegu,stock_inbound(Wholesaler),2025-03-13 1:39
001.8805843.584374.000000050,Daegu,stock_outbound(Wholesaler),2025-04-05 23:44
001.8805843.584374.000000050,Daegu,stock_inbound(Reseller),2025-04-06 5:44
001.8805843.584374.000000050,Daegu,stock_outbound(Sell),2025-04-21 12:21
001.8805843.584374.000000051,Yeongju,commissioning,2025-01-21 17:54
001.8805843.584374.000000051,Yeongju,aggregation,2025-01-21 18:22
001.8805843.584374.000000051,Yeongju,WMS_inbound,2025-01-21 19:14
001.8805843.584374.000000051,Yeongju,WMS_outbound,2025-02-09 23:30
001.8805843.584374.000000051,Seoul,stock_inbound(HUB),2025-02-10 1:49
001.8805843.584374.000000051,Seoul,stock_outbound(HUB),2025-02-21 11:12
001.8805843.584374.000000051,Seoul,stock_inbound(Wholesaler),2025-02-21 14:37
001.8805843.584374.000000051,Seoul,stock_outbound(Wholesaler),2025-03-14 9:36
001.8805843.584374.000000051,Seoul,stock_inbound(Reseller),2025-03-14 16:44
001.8805843.584374.000000051,Seoul,stock_outbound(Sell),2025-03-24 17:24
001.8805843.584374.000000052,Yeongju,commissioning,2025-01-21 17:54
001.8805843.584374.000000052,Yeongju,aggregation,2025-01-21 18:13
001.8805843.584374.000000052,Yeongju,WMS_inbound,2025-01-21 18:49
001.8805843.584374.000000052,Yeongju,WMS_outbound,2025-02-22 22:21
001.8805843.584374.000000052,Gwangju,stock_inbound(HUB),2025-02-23 3:36
001.8805843.584374.000000052,Gwangju,stock_outbound(HUB),2025-02-23 7:44
001.8805843.584374.000000052,Gwangju,stock_inbound(Wholesaler),2025-02-23 12:29
001.8805843.584374.000000052,Gwangju,stock_outbound(Wholesaler),2025-03-17 17:30
001.8805843.584374.000000052,Gwangju,stock_inbound(Reseller),2025-03-18 0:09
001.8805843.584374.000000052,Gwangju,stock_outbound(Sell),2025-03-19 13:58
001.8805843.584374.000000053,Yeongju,commissioning,2025-01-21 17:54
001.8805843.584374.000000053,Yeongju,aggregation,2025-01-21 18:18
001.8805843.584374.000000053,Yeongju,WMS_inbound,2025-01-21 19:14
001.8805843.584374.000000053,Yeongju,WMS_outbound,2025-02-04 3:28
001.8805843.584374.000000053,Busan,stock_inbound(HUB),2025-02-04 6:05
001.8805843.584374.000000053,Busan,stock_outbound(HUB),2025-03-11 16:23
001.8805843.584374.000000053,Busan,stock_inbound(Wholesaler),2025-03-11 19:38
001.8805843.584374.000000053,Busan,stock_outbound(Wholesaler),2025-03-18 0:01
001.8805843.584374.000000053,Busan,stock_inbound(Reseller),2025-03-18 2:19
001.8805843.584374.000000053,Busan,stock_outbound(Sell),2025-04-06 1:32
001.8805843.584374.000000054,Yeongju,commissioning,2025-01-21 17:54
001.8805843.584374.000000054,Yeongju,aggregation,2025-01-21 18:06
001.8805843.584374.000000054,Yeongju,WMS_inbound,2025-01-21 19:00
001.8805843.584374.000000054,Yeongju,WMS_outbound,2025-02-03 7:55
001.8805843.584374.000000054,Daegu,stock_inbound(HUB),2025-02-03 17:09
001.8805843.584374.000000054,Daegu,stock_outbound(HUB),2025-02-12 6:35
001.8805843.584374.000000054,Daegu,stock_inbound(Wholesaler),2025-02-12 15:34
001.8805843.584374.000000054,Daegu,stock_outbound(Wholesaler),2025-02-27 12:05
001.8805843.584374.000000054,Daegu,stock_inbound(Reseller),2025-02-27 14:35
001.8805843.584374.000000054,Daegu,stock_outbound(Sell),2025-04-01 13:18
001.8805843.584374.000000055,Yeongju,commissioning,2025-01-21 17:54
001.8805843.584374.000000055,Yeongju,aggregation,2025-01-21 18:12
001.8805843.584374.000000055,Yeongju,WMS_inbound,2025-01-21 18:53
001.8805843.584374.000000055,Yeongju,WMS_outbound,2025-02-02 11:47
001.8805843.584374.000000055,Daegu,stock_inbound(HUB),2025-02-02 20:57
001.8805843.584374.000000055,Daegu,stock_outbound(HUB),2025-02-07 5:53
001.8805843.584374.000000055,Daegu,stock_inbound(Wholesaler),2025-02-07 8:07
001.8805843.584374.000000055,Daegu,stock_outbound(Wholesaler),2025-02-12 18:21
001.8805843.584374.000000055,Daegu,stock_inbound(Reseller),2025-02-12 21:31
001.8805843.584374.000000055,Daegu,stock_outbound(Sell),2025-03-04 3:54
001.8805843.584374.000000056,Yeongju,commissioning,2025-01-21 17:54
001.8805843.584374.000000056,Yeongju,aggregation,2025-01-21 18:01
001.8805843.584374.000000056,Yeongju,WMS_inbound,2025-01-21 18:43
001.8805843.584374.000000056,Yeongju,WMS_outbound,2025-02-17 11:48
001.8805843.584374.000000056,Gwangju,stock_inbound(HUB),2025-02-17 19:12
001.8805843.584374.000000056,Gwangju,stock_outbound(HUB),2025-02-28 18:37
001.8805843.584374.000000056,Gwangju,stock_inbound(Wholesaler),2025-02-28 22:59
001.8805843.584374.000000056,Gwangju,stock_outbound(Wholesaler),2025-03-10 23:42
001.8805843.584374.000000056,Gwangju,stock_inbound(Reseller),2025-03-11 3:19
001.8805843.584374.000000056,Gwangju,stock_outbound(Sell),2025-03-31 15:15
001.8805843.584374.000000057,Yeongju,commissioning,2025-01-21 17:54
001.8805843.584374.000000057,Yeongju,aggregation,2025-01-21 18:05
001.8805843.584374.000000057,Yeongju,WMS_inbound,2025-01-21 18:16
001.8805843.584374.000000057,Yeongju,WMS_outbound,2025-01-22 17:20
001.8805843.584374.000000057,Gwangju,stock_inbound(HUB),2025-01-23 0:41
001.8805843.584374.000000057,Gwangju,stock_outbound(HUB),2025-01-29 17:19
001.8805843.584374.000000057,Gwangju,stock_inbound(Wholesaler),2025-01-29 23:44
001.8805843.584374.000000057,Gwangju,stock_outbound(Wholesaler),2025-02-10 21:15
001.8805843.584374.000000057,Gwangju,stock_inbound(Reseller),2025-02-11 4:49
001.8805843.584374.000000057,Gwangju,stock_outbound(Sell),2025-02-16 21:29
001.8805843.584374.000000058,Yeongju,commissioning,2025-01-21 17:54
001.8805843.584374.000000058,Yeongju,aggregation,2025-01-21 18:17
001.8805843.584374.000000058,Yeongju,WMS_inbound,2025-01-21 19:15
001.8805843.584374.000000058,Yeongju,WMS_outbound,2025-02-03 14:12
001.8805843.584374.000000058,Daejeon,stock_inbound(HUB),2025-02-03 20:34
001.8805843.584374.000000058,Daejeon,stock_outbound(HUB),2025-03-04 8:29
001.8805843.584374.000000058,Daejeon,stock_inbound(Wholesaler),2025-03-04 10:33
001.8805843.584374.000000058,Daejeon,stock_outbound(Wholesaler),2025-04-07 3:02
001.8805843.584374.000000058,Daejeon,stock_inbound(Reseller),2025-04-07 8:58
001.8805843.584374.000000058,Daejeon,stock_outbound(Sell),2025-04-23 14:51
001.8805843.584374.000000059,Yeongju,commissioning,2025-01-21 17:54
001.8805843.584374.000000059,Yeongju,aggregation,2025-01-21 17:58
001.8805843.584374.000000059,Yeongju,WMS_inbound,2025-01-21 18:16
001.8805843.584374.000000059,Yeongju,WMS_outbound,2025-02-18 17:28
001.8805843.584374.000000059,Daejeon,stock_inbound(HUB),2025-02-18 18:57
001.8805843.584374.000000059,Daejeon,stock_outbound(HUB),2025-03-20 8:15
001.8805843.584374.000000059,Daejeon,stock_inbound(Wholesaler),2025-03-20 11:56
001.8805843.584374.000000059,Daejeon,stock_outbound(Wholesaler),2025-04-12 7:55
001.8805843.584374.000000059,Daejeon,stock_inbound(Reseller),2025-04-12 14:50
001.8805843.584374.000000059,Daejeon,stock_outbound(Sell),2025-05-17 15:23
001.8805843.584374.000000060,Yeongju,commissioning,2025-01-21 17:54
001.8805843.584374.000000060,Yeongju,aggregation,2025-01-21 18:04
001.8805843.584374.000000060,Yeongju,WMS_inbound,2025-01-21 18:54
001.8805843.584374.000000060,Yeongju,WMS_outbound,2025-02-04 15:27
001.8805843.584374.000000060,Daegu,stock_inbound(HUB),2025-02-04 23:42
001.8805843.584374.000000060,Daegu,stock_outbound(HUB),2025-02-21 22:36
001.8805843.584374.000000060,Daegu,stock_inbound(Wholesaler),2025-02-22 2:53
001.8805843.584374.000000060,Daegu,stock_outbound(Wholesaler),2025-03-19 10:04
001.8805843.584374.000000060,Daegu,stock_inbound(Reseller),2025-03-19 12:07
001.8805843.584374.000000060,Daegu,stock_outbound(Sell),2025-03-25 7:53
001.8805843.584374.000000061,Yeongju,commissioning,2025-01-21 17:54
001.8805843.584374.000000061,Yeongju,aggregation,2025-01-21 18:00
001.8805843.584374.000000061,Yeongju,WMS_inbound,2025-01-21 18:14
001.8805843.584374.000000061,Yeongju,WMS_outbound,2025-02-02 18:19
001.8805843.584374.000000061,Busan,stock_inbound(HUB),2025-02-03 3:21
001.8805843.584374.000000061,Busan,stock_outbound(HUB),2025-02-09 17:57
001.8805843.584374.000000061,Busan,stock_inbound(Wholesaler),2025-02-09 19:10
001.8805843.584374.000000061,Busan,stock_outbound(Wholesaler),2025-02-27 20:01
001.8805843.584374.000000061,Busan,stock_inbound(Reseller),2025-02-27 22:38
001.8805843.584374.000000061,Busan,stock_outbound(Sell),2025-03-29 14:24
001.8805843.584374.000000062,Yeongju,commissioning,2025-01-21 17:54
001.8805843.584374.000000062,Yeongju,aggregation,2025-01-21 18:07
001.8805843.584374.000000062,Yeongju,WMS_inbound,2025-01-21 18:51
001.8805843.584374.000000062,Yeongju,WMS_outbound,2025-01-29 21:20
001.8805843.584374.000000062,Daegu,stock_inbound(HUB),2025-01-30 0:40
001.8805843.584374.000000062,Daegu,stock_outbound(HUB),2025-02-10 17:02
001.8805843.584374.000000062,Daegu,stock_inbound(Wholesaler),2025-02-11 2:03
001.8805843.584374.000000062,Daegu,stock_outbound(Wholesaler),2025-02-16 7:00
001.8805843.584374.000000062,Daegu,stock_inbound(Reseller),2025-02-16 11:28
001.8805843.584374.000000062,Daegu,stock_outbound(Sell),2025-03-19 11:24
001.8805843.584374.000000063,Yeongju,commissioning,2025-01-21 17:54
001.8805843.584374.000000063,Yeongju,aggregation,2025-01-21 18:12
001.8805843.584374.000000063,Yeongju,WMS_inbound,2025-01-21 19:06
001.8805843.584374.000000063,Yeongju,WMS_outbound,2025-02-12 1:18
001.8805843.584374.000000063,Gwangju,stock_inbound(HUB),2025-02-12 8:19
001.8805843.584374.000000063,Gwangju,stock_outbound(HUB),2025-02-25 0:28
001.8805843.584374.000000063,Gwangju,stock_inbound(Wholesaler),2025-02-25 9:30
001.8805843.584374.000000063,Gwangju,stock_outbound(Wholesaler),2025-03-24 3:53
001.8805843.584374.000000063,Gwangju,stock_inbound(Reseller),2025-03-24 13:04
001.8805843.584374.000000063,Gwangju,stock_outbound(Sell),2025-04-21 6:23
001.8805843.584374.000000064,Yeongju,commissioning,2025-01-21 17:54
001.8805843.584374.000000064,Yeongju,aggregation,2025-01-21 18:00
001.8805843.584374.000000064,Yeongju,WMS_inbound,2025-01-21 18:44
001.8805843.584374.000000064,Yeongju,WMS_outbound,2025-01-26 20:11
001.8805843.584374.000000064,Busan,stock_inbound(HUB),2025-01-27 1:32
001.8805843.584374.000000064,Busan,stock_outbound(HUB),2025-03-02 1:13
001.8805843.584374.000000064,Busan,stock_inbound(Wholesaler),2025-03-02 2:48
001.8805843.584374.000000064,Busan,stock_outbound(Wholesaler),2025-03-24 20:54
001.8805843.584374.000000064,Busan,stock_inbound(Reseller),2025-03-25 4:17
001.8805843.584374.000000064,Busan,stock_outbound(Sell),2025-04-27 12:49
001.8805843.584374.000000065,Yeongju,commissioning,2025-01-21 17:54
001.8805843.584374.000000065,Yeongju,aggregation,2025-01-21 18:19
001.8805843.584374.000000065,Yeongju,WMS_inbound,2025-01-21 18:29
001.8805843.584374.000000065,Yeongju,WMS_outbound,2025-02-09 9:56
001.8805843.584374.000000065,Busan,stock_inbound(HUB),2025-02-09 17:20
001.8805843.584374.000000065,Busan,stock_outbound(HUB),2025-02-24 13:45
001.8805843.584374.000000065,Busan,stock_inbound(Wholesaler),2025-02-24 22:45
001.8805843.584374.000000065,Busan,stock_outbound(Wholesaler),2025-03-18 11:50
001.8805843.584374.000000065,Busan,stock_inbound(Reseller),2025-03-18 15:19
001.8805843.584374.000000065,Busan,stock_outbound(Sell),2025-04-01 6:35
001.8805843.584374.000000066,Yeongju,commissioning,2025-01-21 17:54
001.8805843.584374.000000066,Yeongju,aggregation,2025-01-21 18:01
001.8805843.584374.000000066,Yeongju,WMS_inbound,2025-01-21 18:39
001.8805843.584374.000000066,Yeongju,WMS_outbound,2025-02-25 10:11
001.8805843.584374.000000066,Busan,stock_inbound(HUB),2025-02-25 17:46
001.8805843.584374.000000066,Busan,stock_outbound(HUB),2025-03-13 3:10
001.8805843.584374.000000066,Busan,stock_inbound(Wholesaler),2025-03-13 8:33
001.8805843.584374.000000066,Busan,stock_outbound(Wholesaler),2025-03-15 6:52
001.8805843.584374.000000066,Busan,stock_inbound(Reseller),2025-03-15 13:36
001.8805843.584374.000000066,Busan,stock_outbound(Sell),2025-03-27 0:52
001.8805843.584374.000000067,Yeongju,commissioning,2025-01-21 17:54
001.8805843.584374.000000067,Yeongju,aggregation,2025-01-21 18:07
001.8805843.584374.000000067,Yeongju,WMS_inbound,2025-01-21 18:20
001.8805843.584374.000000067,Yeongju,WMS_outbound,2025-02-12 1:52
001.8805843.584374.000000067,Busan,stock_inbound(HUB),2025-02-12 5:00
001.8805843.584374.000000067,Busan,stock_outbound(HUB),2025-02-20 13:14
001.8805843.584374.000000067,Busan,stock_inbound(Wholesaler),2025-02-20 16:04
001.8805843.584374.000000067,Busan,stock_outbound(Wholesaler),2025-03-21 22:48
001.8805843.584374.000000067,Busan,stock_inbound(Reseller),2025-03-22 2:37
001.8805843.584374.000000067,Busan,stock_outbound(Sell),2025-04-02 18:29
001.8805843.584374.000000068,Yeongju,commissioning,2025-01-21 17:54
001.8805843.584374.000000068,Yeongju,aggregation,2025-01-21 18:15
001.8805843.584374.000000068,Yeongju,WMS_inbound,2025-01-21 18:54
001.8805843.584374.000000068,Yeongju,WMS_outbound,2025-02-01 16:01
001.8805843.584374.000000068,Gwangju,stock_inbound(HUB),2025-02-01 21:36
001.8805843.584374.000000068,Gwangju,stock_outbound(HUB),2025-02-26 15:53
001.8805843.584374.000000068,Gwangju,stock_inbound(Wholesaler),2025-02-26 23:22
001.8805843.584374.000000068,Gwangju,stock_outbound(Wholesaler),2025-03-11 5:09
001.8805843.584374.000000068,Gwangju,stock_inbound(Reseller),2025-03-11 9:31
001.8805843.584374.000000068,Gwangju,stock_outbound(Sell),2025-03-22 11:02
001.8805843.584374.000000069,Yeongju,commissioning,2025-01-21 17:54
001.8805843.584374.000000069,Yeongju,aggregation,2025-01-21 18:24
001.8805843.584374.000000069,Yeongju,WMS_inbound,2025-01-21 19:09
001.8805843.584374.000000069,Yeongju,WMS_outbound,2025-02-21 5:13
001.8805843.584374.000000069,Gwangju,stock_inbound(HUB),2025-02-21 8:36
001.8805843.584374.000000069,Gwangju,stock_outbound(HUB),2025-03-07 3:56
001.8805843.584374.000000069,Gwangju,stock_inbound(Wholesaler),2025-03-07 12:19
001.8805843.584374.000000069,Gwangju,stock_outbound(Wholesaler),2025-03-07 20:09
001.8805843.584374.000000069,Gwangju,stock_inbound(Reseller),2025-03-08 1:23
001.8805843.584374.000000069,Gwangju,stock_outbound(Sell),2025-03-21 18:06
001.8805843.584374.000000070,Yeongju,commissioning,2025-01-21 17:54
001.8805843.584374.000000070,Yeongju,aggregation,2025-01-21 18:20
001.8805843.584374.000000070,Yeongju,WMS_inbound,2025-01-21 19:20
001.8805843.584374.000000070,Yeongju,WMS_outbound,2025-02-06 2:28
001.8805843.584374.000000070,Gwangju,stock_inbound(HUB),2025-02-06 5:35
001.8805843.584374.000000070,Gwangju,stock_outbound(HUB),2025-02-21 11:48
001.8805843.584374.000000070,Gwangju,stock_inbound(Wholesaler),2025-02-21 17:27
001.8805843.584374.000000070,Gwangju,stock_outbound(Wholesaler),2025-03-09 17:42
001.8805843.584374.000000070,Gwangju,stock_inbound(Reseller),2025-03-10 0:39
001.8805843.584374.000000070,Gwangju,stock_outbound(Sell),2025-03-28 9:35
001.8805843.584374.000000071,Yeongju,commissioning,2025-01-21 17:54
001.8805843.584374.000000071,Yeongju,aggregation,2025-01-21 18:04
001.8805843.584374.000000071,Yeongju,WMS_inbound,2025-01-21 18:59
001.8805843.584374.000000071,Yeongju,WMS_outbound,2025-01-29 18:02
001.8805843.584374.000000071,Seoul,stock_inbound(HUB),2025-01-29 20:23
001.8805843.584374.000000071,Seoul,stock_outbound(HUB),2025-03-05 6:50
001.8805843.584374.000000071,Seoul,stock_inbound(Wholesaler),2025-03-05 14:22
001.8805843.584374.000000071,Seoul,stock_outbound(Wholesaler),2025-03-12 12:17
001.8805843.584374.000000071,Seoul,stock_inbound(Reseller),2025-03-12 21:03
001.8805843.584374.000000071,Seoul,stock_outbound(Sell),2025-04-08 19:23
001.8805843.584374.000000072,Yeongju,commissioning,2025-01-21 17:54
001.8805843.584374.000000072,Yeongju,aggregation,2025-01-21 18:05
001.8805843.584374.000000072,Yeongju,WMS_inbound,2025-01-21 18:49
001.8805843.584374.000000072,Yeongju,WMS_outbound,2025-02-25 18:58
001.8805843.584374.000000072,Gwangju,stock_inbound(HUB),2025-02-25 23:03
001.8805843.584374.000000072,Gwangju,stock_outbound(HUB),2025-02-28 23:40
001.8805843.584374.000000072,Gwangju,stock_inbound(Wholesaler),2025-03-01 2:16
001.8805843.584374.000000072,Gwangju,stock_outbound(Wholesaler),2025-04-06 11:34
001.8805843.584374.000000072,Gwangju,stock_inbound(Reseller),2025-04-06 16:55
001.8805843.584374.000000072,Gwangju,stock_outbound(Sell),2025-04-22 8:05
001.8805843.584374.000000073,Yeongju,commissioning,2025-01-21 17:54
001.8805843.584374.000000073,Yeongju,aggregation,2025-01-21 18:08
001.8805843.584374.000000073,Yeongju,WMS_inbound,2025-01-21 18:30
001.8805843.584374.000000073,Yeongju,WMS_outbound,2025-02-27 5:36
001.8805843.584374.000000073,Seoul,stock_inbound(HUB),2025-02-27 9:22
001.8805843.584374.000000073,Seoul,stock_outbound(HUB),2025-03-17 5:59
001.8805843.584374.000000073,Seoul,stock_inbound(Wholesaler),2025-03-17 7:18
001.8805843.584374.000000073,Seoul,stock_outbound(Wholesaler),2025-04-12 10:22
001.8805843.584374.000000073,Seoul,stock_inbound(Reseller),2025-04-12 15:17
001.8805843.584374.000000073,Seoul,stock_outbound(Sell),2025-04-28 2:49
001.8805843.584374.000000074,Yeongju,commissioning,2025-01-21 17:54
001.8805843.584374.000000074,Yeongju,aggregation,2025-01-21 18:07
001.8805843.584374.000000074,Yeongju,WMS_inbound,2025-01-21 18:28
001.8805843.584374.000000074,Yeongju,WMS_outbound,2025-02-06 22:00
001.8805843.584374.000000074,Daejeon,stock_inbound(HUB),2025-02-07 3:11
001.8805843.584374.000000074,Daejeon,stock_outbound(HUB),2025-02-25 6:15
001.8805843.584374.000000074,Daejeon,stock_inbound(Wholesaler),2025-02-25 10:22
001.8805843.584374.000000074,Daejeon,stock_outbound(Wholesaler),2025-03-02 2:59
001.8805843.584374.000000074,Daejeon,stock_inbound(Reseller),2025-03-02 6:12
001.8805843.584374.000000074,Daejeon,stock_outbound(Sell),2025-03-29 8:46
001.8805843.584374.000000075,Yeongju,commissioning,2025-01-21 17:54
001.8805843.584374.000000075,Yeongju,aggregation,2025-01-21 18:09
001.8805843.584374.000000075,Yeongju,WMS_inbound,2025-01-21 18:20
001.8805843.584374.000000075,Yeongju,WMS_outbound,2025-02-27 0:18
001.8805843.584374.000000075,Busan,stock_inbound(HUB),2025-02-27 9:23
001.8805843.584374.000000075,Busan,stock_outbound(HUB),2025-03-22 3:05
001.8805843.584374.000000075,Busan,stock_inbound(Wholesaler),2025-03-22 12:59
001.8805843.584374.000000075,Busan,stock_outbound(Wholesaler),2025-03-31 21:35
001.8805843.584374.000000075,Busan,stock_inbound(Reseller),2025-03-31 22:51
001.8805843.584374.000000075,Busan,stock_outbound(Sell),2025-04-16 7:48
001.8805843.584374.000000076,Yeongju,commissioning,2025-01-21 17:54
001.8805843.584374.000000076,Yeongju,aggregation,2025-01-21 18:11
001.8805843.584374.000000076,Yeongju,WMS_inbound,2025-01-21 18:25
001.8805843.584374.000000076,Yeongju,WMS_outbound,2025-02-27 6:56
001.8805843.584374.000000076,Daejeon,stock_inbound(HUB),2025-02-27 14:21
001.8805843.584374.000000076,Daejeon,stock_outbound(HUB),2025-03-28 17:25
001.8805843.584374.000000076,Daejeon,stock_inbound(Wholesaler),2025-03-29 0:13
001.8805843.584374.000000076,Daejeon,stock_outbound(Wholesaler),2025-04-07 3:51
001.8805843.584374.000000076,Daejeon,stock_inbound(Reseller),2025-04-07 6:12
001.8805843.584374.000000076,Daejeon,stock_outbound(Sell),2025-04-07 17:47
001.8805843.584374.000000077,Yeongju,commissioning,2025-01-21 17:54
001.8805843.584374.000000077,Yeongju,aggregation,2025-01-21 18:10
001.8805843.584374.000000077,Yeongju,WMS_inbound,2025-01-21 18:39
001.8805843.584374.000000077,Yeongju,WMS_outbound,2025-02-05 18:54
001.8805843.584374.000000077,Daejeon,stock_inbound(HUB),2025-02-06 3:42
001.8805843.584374.000000077,Daejeon,stock_outbound(HUB),2025-02-19 6:29
001.8805843.584374.000000077,Daejeon,stock_inbound(Wholesaler),2025-02-19 11:46
001.8805843.584374.000000077,Daejeon,stock_outbound(Wholesaler),2025-02-22 11:10
001.8805843.584374.000000077,Daejeon,stock_inbound(Reseller),2025-02-22 14:38
001.8805843.584374.000000077,Daejeon,stock_outbound(Sell),2025-03-13 0:37
001.8805843.584374.000000078,Yeongju,commissioning,2025-01-21 17:54
001.8805843.584374.000000078,Yeongju,aggregation,2025-01-21 18:17
001.8805843.584374.000000078,Yeongju,WMS_inbound,2025-01-21 18:33
001.8805843.584374.000000078,Yeongju,WMS_outbound,2025-02-21 7:45
001.8805843.584374.000000078,Seoul,stock_inbound(HUB),2025-02-21 11:02
001.8805843.584374.000000078,Seoul,stock_outbound(HUB),2025-03-20 9:01
001.8805843.584374.000000078,Seoul,stock_inbound(Wholesaler),2025-03-20 10:28
001.8805843.584374.000000078,Seoul,stock_outbound(Wholesaler),2025-04-19 2:15
001.8805843.584374.000000078,Seoul,stock_inbound(Reseller),2025-04-19 7:15
001.8805843.584374.000000078,Seoul,stock_outbound(Sell),2025-05-04 21:34
001.8805843.584374.000000079,Yeongju,commissioning,2025-01-21 17:54
001.8805843.584374.000000079,Yeongju,aggregation,2025-01-21 18:16
001.8805843.584374.000000079,Yeongju,WMS_inbound,2025-01-21 18:46
001.8805843.584374.000000079,Yeongju,WMS_outbound,2025-01-29 12:57
001.8805843.584374.000000079,Busan,stock_inbound(HUB),2025-01-29 21:45
001.8805843.584374.000000079,Busan,stock_outbound(HUB),2025-02-08 11:22
001.8805843.584374.000000079,Busan,stock_inbound(Wholesaler),2025-02-08 15:21
001.8805843.584374.000000079,Busan,stock_outbound(Wholesaler),2025-03-16 13:38
001.8805843.584374.000000079,Busan,stock_inbound(Reseller),2025-03-16 19:31
001.8805843.584374.000000079,Busan,stock_outbound(Sell),2025-04-17 3:57
001.8805843.584374.000000080,Yeongju,commissioning,2025-01-21 17:54
001.8805843.584374.000000080,Yeongju,aggregation,2025-01-21 17:59
001.8805843.584374.000000080,Yeongju,WMS_inbound,2025-01-21 18:56
001.8805843.584374.000000080,Yeongju,WMS_outbound,2025-02-20 21:48
001.8805843.584374.000000080,Busan,stock_inbound(HUB),2025-02-21 3:21
001.8805843.584374.000000080,Busan,stock_outbound(HUB),2025-02-23 8:17
001.8805843.584374.000000080,Busan,stock_inbound(Wholesaler),2025-02-23 16:12
001.8805843.584374.000000080,Busan,stock_outbound(Wholesaler),2025-03-07 21:57
001.8805843.584374.000000080,Busan,stock_inbound(Reseller),2025-03-08 1:13
001.8805843.584374.000000080,Busan,stock_outbound(Sell),2025-03-24 21:48
001.8805843.584374.000000081,Yeongju,commissioning,2025-01-21 17:54
001.8805843.584374.000000081,Yeongju,aggregation,2025-01-21 18:17
001.8805843.584374.000000081,Yeongju,WMS_inbound,2025-01-21 19:13
001.8805843.584374.000000081,Yeongju,WMS_outbound,2025-02-25 20:35
001.8805843.584374.000000081,Seoul,stock_inbound(HUB),2025-02-26 6:02
001.8805843.584374.000000081,Seoul,stock_outbound(HUB),2025-03-07 13:36
001.8805843.584374.000000081,Seoul,stock_inbound(Wholesaler),2025-03-07 15:03
001.8805843.584374.000000081,Seoul,stock_outbound(Wholesaler),2025-04-11 11:09
001.8805843.584374.000000081,Seoul,stock_inbound(Reseller),2025-04-11 21:06
001.8805843.584374.000000081,Seoul,stock_outbound(Sell),2025-04-19 10:58
001.8805843.584374.000000082,Yeongju,commissioning,2025-01-21 17:54
001.8805843.584374.000000082,Yeongju,aggregation,2025-01-21 18:13
001.8805843.584374.000000082,Yeongju,WMS_inbound,2025-01-21 18:23
001.8805843.584374.000000082,Yeongju,WMS_outbound,2025-02-07 19:54
001.8805843.584374.000000082,Seoul,stock_inbound(HUB),2025-02-07 23:58
001.8805843.584374.000000082,Seoul,stock_outbound(HUB),2025-03-04 19:03
001.8805843.584374.000000082,Seoul,stock_inbound(Wholesaler),2025-03-05 2:07
001.8805843.584374.000000082,Seoul,stock_outbound(Wholesaler),2025-03-30 18:17
001.8805843.584374.000000082,Seoul,stock_inbound(Reseller),2025-03-30 22:22
001.8805843.584374.000000082,Seoul,stock_outbound(Sell),2025-04-27 4:48
001.8805843.584374.000000083,Yeongju,commissioning,2025-01-21 17:54
001.8805843.584374.000000083,Yeongju,aggregation,2025-01-21 18:14
001.8805843.584374.000000083,Yeongju,WMS_inbound,2025-01-21 19:05
001.8805843.584374.000000083,Yeongju,WMS_outbound,2025-01-22 12:16
001.8805843.584374.000000083,Gwangju,stock_inbound(HUB),2025-01-22 20:04
001.8805843.584374.000000083,Gwangju,stock_outbound(HUB),2025-01-23 11:09
001.8805843.584374.000000083,Gwangju,stock_inbound(Wholesaler),2025-01-23 12:12
001.8805843.584374.000000083,Gwangju,stock_outbound(Wholesaler),2025-02-18 20:10
001.8805843.584374.000000083,Gwangju,stock_inbound(Reseller),2025-02-19 4:07
001.8805843.584374.000000083,Gwangju,stock_outbound(Sell),2025-03-15 4:22
001.8805843.584374.000000084,Yeongju,commissioning,2025-01-21 17:54
001.8805843.584374.000000084,Yeongju,aggregation,2025-01-21 18:12
001.8805843.584374.000000084,Yeongju,WMS_inbound,2025-01-21 18:45
001.8805843.584374.000000084,Yeongju,WMS_outbound,2025-02-15 15:25
001.8805843.584374.000000084,Gwangju,stock_inbound(HUB),2025-02-15 21:46
001.8805843.584374.000000084,Gwangju,stock_outbound(HUB),2025-02-25 1:34
001.8805843.584374.000000084,Gwangju,stock_inbound(Wholesaler),2025-02-25 3:31
001.8805843.584374.000000084,Gwangju,stock_outbound(Wholesaler),2025-02-26 7:52
001.8805843.584374.000000084,Gwangju,stock_inbound(Reseller),2025-02-26 9:27
001.8805843.584374.000000084,Gwangju,stock_outbound(Sell),2025-03-01 12:42
001.8805843.584374.000000085,Yeongju,commissioning,2025-01-21 17:54
001.8805843.584374.000000085,Yeongju,aggregation,2025-01-21 18:24
001.8805843.584374.000000085,Yeongju,WMS_inbound,2025-01-21 19:23
001.8805843.584374.000000085,Yeongju,WMS_outbound,2025-01-27 15:15
001.8805843.584374.000000085,Busan,stock_inbound(HUB),2025-01-27 20:36
001.8805843.584374.000000085,Busan,stock_outbound(HUB),2025-02-07 8:32
001.8805843.584374.000000085,Busan,stock_inbound(Wholesaler),2025-02-07 14:06
001.8805843.584374.000000085,Busan,stock_outbound(Wholesaler),2025-02-16 13:11
001.8805843.584374.000000085,Busan,stock_inbound(Reseller),2025-02-16 14:54
001.8805843.584374.000000085,Busan,stock_outbound(Sell),2025-02-27 0:28
001.8805843.584374.000000086,Yeongju,commissioning,2025-01-21 17:54
001.8805843.584374.000000086,Yeongju,aggregation,2025-01-21 18:15
001.8805843.584374.000000086,Yeongju,WMS_inbound,2025-01-21 19:05
001.8805843.584374.000000086,Yeongju,WMS_outbound,2025-01-28 15:41
001.8805843.584374.000000086,Daejeon,stock_inbound(HUB),2025-01-28 16:44
001.8805843.584374.000000086,Daejeon,stock_outbound(HUB),2025-02-05 19:51
001.8805843.584374.000000086,Daejeon,stock_inbound(Wholesaler),2025-02-06 5:04
001.8805843.584374.000000086,Daejeon,stock_outbound(Wholesaler),2025-03-08 2:59
001.8805843.584374.000000086,Daejeon,stock_inbound(Reseller),2025-03-08 5:44
001.8805843.584374.000000086,Daejeon,stock_outbound(Sell),2025-03-12 11:58
001.8805843.584374.000000087,Yeongju,commissioning,2025-01-21 17:54
001.8805843.584374.000000087,Yeongju,aggregation,2025-01-21 17:59
001.8805843.584374.000000087,Yeongju,WMS_inbound,2025-01-21 18:25
001.8805843.584374.000000087,Yeongju,WMS_outbound,2025-02-10 19:16
001.8805843.584374.000000087,Daegu,stock_inbound(HUB),2025-02-11 5:07
001.8805843.584374.000000087,Daegu,stock_outbound(HUB),2025-03-03 0:36
001.8805843.584374.000000087,Daegu,stock_inbound(Wholesaler),2025-03-03 3:42
001.8805843.584374.000000087,Daegu,stock_outbound(Wholesaler),2025-03-30 12:39
001.8805843.584374.000000087,Daegu,stock_inbound(Reseller),2025-03-30 20:22
001.8805843.584374.000000087,Daegu,stock_outbound(Sell),2025-04-17 15:58
001.8805843.584374.000000088,Yeongju,commissioning,2025-01-21 17:54
001.8805843.584374.000000088,Yeongju,aggregation,2025-01-21 17:56
001.8805843.584374.000000088,Yeongju,WMS_inbound,2025-01-21 18:11
001.8805843.584374.000000088,Yeongju,WMS_outbound,2025-02-17 4:39
001.8805843.584374.000000088,Daejeon,stock_inbound(HUB),2025-02-17 10:30
001.8805843.584374.000000088,Daejeon,stock_outbound(HUB),2025-03-03 21:13
001.8805843.584374.000000088,Daejeon,stock_inbound(Wholesaler),2025-03-03 23:11
001.8805843.584374.000000088,Daejeon,stock_outbound(Wholesaler),2025-03-18 7:57
001.8805843.584374.000000088,Daejeon,stock_inbound(Reseller),2025-03-18 9:16
001.8805843.584374.000000088,Daejeon,stock_outbound(Sell),2025-03-26 14:20
001.8805843.584374.000000089,Yeongju,commissioning,2025-01-21 17:54
001.8805843.584374.000000089,Yeongju,aggregation,2025-01-21 18:22
001.8805843.584374.000000089,Yeongju,WMS_inbound,2025-01-21 18:44
001.8805843.584374.000000089,Yeongju,WMS_outbound,2025-01-22 7:23
001.8805843.584374.000000089,Daejeon,stock_inbound(HUB),2025-01-22 9:37
001.8805843.584374.000000089,Daejeon,stock_outbound(HUB),2025-02-05 16:34
001.8805843.584374.000000089,Daejeon,stock_inbound(Wholesaler),2025-02-05 23:34
001.8805843.584374.000000089,Daejeon,stock_outbound(Wholesaler),2025-02-11 4:07
001.8805843.584374.000000089,Daejeon,stock_inbound(Reseller),2025-02-11 7:19
001.8805843.584374.000000089,Daejeon,stock_outbound(Sell),2025-02-14 17:13
001.8805843.584374.000000090,Yeongju,commissioning,2025-01-21 17:54
001.8805843.584374.000000090,Yeongju,aggregation,2025-01-21 17:59
001.8805843.584374.000000090,Yeongju,WMS_inbound,2025-01-21 18:37
001.8805843.584374.000000090,Yeongju,WMS_outbound,2025-02-22 13:11
001.8805843.584374.000000090,Busan,stock_inbound(HUB),2025-02-22 19:31
001.8805843.584374.000000090,Busan,stock_outbound(HUB),2025-03-28 2:08
001.8805843.584374.000000090,Busan,stock_inbound(Wholesaler),2025-03-28 7:58
001.8805843.584374.000000090,Busan,stock_outbound(Wholesaler),2025-04-18 16:08
001.8805843.584374.000000090,Busan,stock_inbound(Reseller),2025-04-18 21:51
001.8805843.584374.000000090,Busan,stock_outbound(Sell),2025-04-22 20:08
001.8805843.584374.000000091,Yeongju,commissioning,2025-01-21 17:54
001.8805843.584374.000000091,Yeongju,aggregation,2025-01-21 18:04
001.8805843.584374.000000091,Yeongju,WMS_inbound,2025-01-21 19:04
001.8805843.584374.000000091,Yeongju,WMS_outbound,2025-02-15 11:59
001.8805843.584374.000000091,Daejeon,stock_inbound(HUB),2025-02-15 18:45
001.8805843.584374.000000091,Daejeon,stock_outbound(HUB),2025-03-02 23:34
001.8805843.584374.000000091,Daejeon,stock_inbound(Wholesaler),2025-03-03 1:52
001.8805843.584374.000000091,Daejeon,stock_outbound(Wholesaler),2025-03-21 5:30
001.8805843.584374.000000091,Daejeon,stock_inbound(Reseller),2025-03-21 15:16
001.8805843.584374.000000091,Daejeon,stock_outbound(Sell),2025-04-10 14:49
001.8805843.584374.000000092,Yeongju,commissioning,2025-01-21 17:54
001.8805843.584374.000000092,Yeongju,aggregation,2025-01-21 17:58
001.8805843.584374.000000092,Yeongju,WMS_inbound,2025-01-21 18:58
001.8805843.584374.000000092,Yeongju,WMS_outbound,2025-01-27 16:28
001.8805843.584374.000000092,Daegu,stock_inbound(HUB),2025-01-27 19:47
001.8805843.584374.000000092,Daegu,stock_outbound(HUB),2025-01-27 22:29
001.8805843.584374.000000092,Daegu,stock_inbound(Wholesaler),2025-01-28 0:33
001.8805843.584374.000000092,Daegu,stock_outbound(Wholesaler),2025-01-30 6:50
001.8805843.584374.000000092,Daegu,stock_inbound(Reseller),2025-01-30 11:50
001.8805843.584374.000000092,Daegu,stock_outbound(Sell),2025-03-04 7:13
001.8805843.584374.000000093,Yeongju,commissioning,2025-01-21 17:54
001.8805843.584374.000000093,Yeongju,aggregation,2025-01-21 17:59
001.8805843.584374.000000093,Yeongju,WMS_inbound,2025-01-21 18:41
001.8805843.584374.000000093,Yeongju,WMS_outbound,2025-02-20 0:41
001.8805843.584374.000000093,Seoul,stock_inbound(HUB),2025-02-20 5:00
001.8805843.584374.000000093,Seoul,stock_outbound(HUB),2025-03-04 0:26
001.8805843.584374.000000093,Seoul,stock_inbound(Wholesaler),2025-03-04 2:12
001.8805843.584374.000000093,Seoul,stock_outbound(Wholesaler),2025-03-29 20:53
001.8805843.584374.000000093,Seoul,stock_inbound(Reseller),2025-03-30 3:58
001.8805843.584374.000000093,Seoul,stock_outbound(Sell),2025-04-30 19:31
001.8805843.584374.000000094,Yeongju,commissioning,2025-01-21 17:54
001.8805843.584374.000000094,Yeongju,aggregation,2025-01-21 17:59
001.8805843.584374.000000094,Yeongju,WMS_inbound,2025-01-21 18:58
001.8805843.584374.000000094,Yeongju,WMS_outbound,2025-01-23 3:54
001.8805843.584374.000000094,Gwangju,stock_inbound(HUB),2025-01-23 6:38
001.8805843.584374.000000094,Gwangju,stock_outbound(HUB),2025-02-23 5:22
001.8805843.584374.000000094,Gwangju,stock_inbound(Wholesaler),2025-02-23 7:39
001.8805843.584374.000000094,Gwangju,stock_outbound(Wholesaler),2025-03-31 9:33
001.8805843.584374.000000094,Gwangju,stock_inbound(Reseller),2025-03-31 11:31
001.8805843.584374.000000094,Gwangju,stock_outbound(Sell),2025-04-24 8:41
001.8805843.584374.000000095,Yeongju,commissioning,2025-01-21 17:54
001.8805843.584374.000000095,Yeongju,aggregation,2025-01-21 18:01
001.8805843.584374.000000095,Yeongju,WMS_inbound,2025-01-21 18:58
001.8805843.584374.000000095,Yeongju,WMS_outbound,2025-02-22 19:30
001.8805843.584374.000000095,Busan,stock_inbound(HUB),2025-02-23 4:12
001.8805843.584374.000000095,Busan,stock_outbound(HUB),2025-02-26 11:31
001.8805843.584374.000000095,Busan,stock_inbound(Wholesaler),2025-02-26 18:57
001.8805843.584374.000000095,Busan,stock_outbound(Wholesaler),2025-03-24 0:03
001.8805843.584374.000000095,Busan,stock_inbound(Reseller),2025-03-24 5:47
001.8805843.584374.000000095,Busan,stock_outbound(Sell),2025-04-15 5:36
001.8805843.584374.000000096,Yeongju,commissioning,2025-01-21 17:54
001.8805843.584374.000000096,Yeongju,aggregation,2025-01-21 18:03
001.8805843.584374.000000096,Yeongju,WMS_inbound,2025-01-21 18:33
001.8805843.584374.000000096,Yeongju,WMS_outbound,2025-01-26 9:36
001.8805843.584374.000000096,Daegu,stock_inbound(HUB),2025-01-26 11:30
001.8805843.584374.000000096,Daegu,stock_outbound(HUB),2025-02-15 16:39
001.8805843.584374.000000096,Daegu,stock_inbound(Wholesaler),2025-02-15 18:23
001.8805843.584374.000000096,Daegu,stock_outbound(Wholesaler),2025-03-08 15:36
001.8805843.584374.000000096,Daegu,stock_inbound(Reseller),2025-03-08 16:36
001.8805843.584374.000000096,Daegu,stock_outbound(Sell),2025-03-13 23:11
001.8805843.584374.000000097,Yeongju,commissioning,2025-01-21 17:54
001.8805843.584374.000000097,Yeongju,aggregation,2025-01-21 18:05
001.8805843.584374.000000097,Yeongju,WMS_inbound,2025-01-21 18:56
001.8805843.584374.000000097,Yeongju,WMS_outbound,2025-02-12 16:38
001.8805843.584374.000000097,Gwangju,stock_inbound(HUB),2025-02-12 18:01
001.8805843.584374.000000097,Gwangju,stock_outbound(HUB),2025-02-18 20:57
001.8805843.584374.000000097,Gwangju,stock_inbound(Wholesaler),2025-02-19 1:20
001.8805843.584374.000000097,Gwangju,stock_outbound(Wholesaler),2025-03-03 17:21
001.8805843.584374.000000097,Gwangju,stock_inbound(Reseller),2025-03-03 21:51
001.8805843.584374.000000097,Gwangju,stock_outbound(Sell),2025-04-03 1:24
001.8805843.584374.000000098,Yeongju,commissioning,2025-01-21 17:54
001.8805843.584374.000000098,Yeongju,aggregation,2025-01-21 18:08
001.8805843.584374.000000098,Yeongju,WMS_inbound,2025-01-21 18:34
001.8805843.584374.000000098,Yeongju,WMS_outbound,2025-02-25 8:13
001.8805843.584374.000000098,Busan,stock_inbound(HUB),2025-02-25 9:26
001.8805843.584374.000000098,Busan,stock_outbound(HUB),2025-03-30 19:01
001.8805843.584374.000000098,Busan,stock_inbound(Wholesaler),2025-03-30 20:27
001.8805843.584374.000000098,Busan,stock_outbound(Wholesaler),2025-04-20 12:15
001.8805843.584374.000000098,Busan,stock_inbound(Reseller),2025-04-20 22:12
001.8805843.584374.000000098,Busan,stock_outbound(Sell),2025-05-21 3:14
001.8805843.584374.000000099,Yeongju,commissioning,2025-01-21 17:54
001.8805843.584374.000000099,Yeongju,aggregation,2025-01-21 18:23
001.8805843.584374.000000099,Yeongju,WMS_inbound,2025-01-21 18:47
001.8805843.584374.000000099,Yeongju,WMS_outbound,2025-02-24 12:23
001.8805843.584374.000000099,Daejeon,stock_inbound(HUB),2025-02-24 18:47
001.8805843.584374.000000099,Daejeon,stock_outbound(HUB),2025-03-29 15:53
001.8805843.584374.000000099,Daejeon,stock_inbound(Wholesaler),2025-03-29 17:52
001.8805843.584374.000000099,Daejeon,stock_outbound(Wholesaler),2025-04-27 8:15
001.8805843.584374.000000099,Daejeon,stock_inbound(Reseller),2025-04-27 10:10
001.8805843.584374.000000099,Daejeon,stock_outbound(Sell),2025-05-27 21:41
001.8805843.584374.000000100,Yeongju,commissioning,2025-01-21 17:54
001.8805843.584374.000000100,Yeongju,aggregation,2025-01-21 18:07
001.8805843.584374.000000100,Yeongju,WMS_inbound,2025-01-21 19:05
001.8805843.584374.000000100,Yeongju,WMS_outbound,2025-01-24 7:57
001.8805843.584374.000000100,Daegu,stock_inbound(HUB),2025-01-24 17:35
001.8805843.584374.000000100,Daegu,stock_outbound(HUB),2025-02-04 10:08
001.8805843.584374.000000100,Daegu,stock_inbound(Wholesaler),2025-02-04 19:19
001.8805843.584374.000000100,Daegu,stock_outbound(Wholesaler),2025-03-12 4:26
001.8805843.584374.000000100,Daegu,stock_inbound(Reseller),2025-03-12 11:06
001.8805843.584374.000000100,Daegu,stock_outbound(Sell),2025-03-25 16:46
001.8805843.584374.000000101,Yeongju,commissioning,2025-01-21 17:54
001.8805843.258373.000427439,Yeongju,aggregation,2025-01-21 18:19
001.8805843.258373.000427439,Yeongju,WMS_inbound,2025-01-21 18:30
001.8805843.258373.000427439,Yeongju,WMS_outbound,2025-01-25 4:25
001.8805843.258373.000427439,Busan,stock_inbound(HUB),2025-01-25 18:55
001.8805843.258373.000427439,Busan,stock_outbound(HUB),2025-03-02 22:21
001.8805843.258373.000427439,Busan,stock_inbound(Wholesaler),2025-03-03 22:30
001.8805843.258373.000427439,Busan,stock_outbound(Wholesaler),2025-03-28 23:35
001.8805843.258373.000427439,Busan,stock_inbound(Reseller),2025-03-29 19:57
001.8805843.258373.000427439,Busan,stock_outbound(Sell),2025-04-18 15:38
001.8805843.821111.000874703,Yeongju,aggregation,2025-01-21 18:05
001.8805843.821111.000874703,Yeongju,WMS_inbound,2025-01-21 18:53
001.8805843.821111.000874703,Yeongju,WMS_outbound,2025-01-25 9:28
001.8805843.821111.000874703,Busan,stock_inbound(HUB),2025-01-25 18:57
001.8805843.821111.000874703,Busan,stock_outbound(HUB),2025-03-03 15:49
001.8805843.821111.000874703,Busan,stock_inbound(Wholesaler),2025-03-03 19:44
001.8805843.821111.000874703,Busan,stock_outbound(Wholesaler),2025-03-29 16:59
001.8805843.821111.000874703,Busan,stock_inbound(Reseller),2025-03-29 18:18
001.8805843.821111.000874703,Busan,stock_outbound(Sell),2025-04-18 11:49
001.8805843.636282.000983167,Yeongju,aggregation,2025-01-21 18:01
001.8805843.636282.000983167,Yeongju,WMS_inbound,2025-01-21 18:27
001.8805843.636282.000983167,Yeongju,WMS_outbound,2025-01-23 12:50
001.8805843.636282.000983167,Busan,stock_inbound(HUB),2025-01-25 22:23
001.8805843.636282.000983167,Busan,stock_outbound(HUB),2025-03-03 10:02
001.8805843.636282.000983167,Busan,stock_inbound(Wholesaler),2025-03-04 0:08
001.8805843.636282.000983167,Busan,stock_outbound(Wholesaler),2025-03-29 15:41
001.8805843.636282.000983167,Busan,stock_inbound(Reseller),2025-03-29 19:28
001.8805843.636282.000983167,Busan,stock_outbound(Sell),2025-04-17 23:47
001.8805843.378209.000390634,Yeongju,aggregation,2025-01-21 18:08
001.8805843.378209.000390634,Yeongju,WMS_inbound,2025-01-21 18:38
001.8805843.378209.000390634,Yeongju,WMS_outbound,2025-01-22 18:57
001.8805843.378209.000390634,Busan,stock_inbound(HUB),2025-01-25 19:46
001.8805843.378209.000390634,Busan,stock_outbound(HUB),2025-03-02 19:35
001.8805843.378209.000390634,Busan,stock_inbound(Wholesaler),2025-03-03 22:42
001.8805843.378209.000390634,Busan,stock_outbound(Wholesaler),2025-03-29 0:15
001.8805843.378209.000390634,Busan,stock_inbound(Reseller),2025-03-29 17:56
001.8805843.378209.000390634,Busan,stock_outbound(Sell),2025-04-18 14:09
001.8805843.780351.000678904,Yeongju,aggregation,2025-01-21 17:54
001.8805843.780351.000678904,Yeongju,WMS_inbound,2025-01-21 18:45
001.8805843.780351.000678904,Yeongju,WMS_outbound,2025-01-22 14:57
001.8805843.780351.000678904,Busan,stock_inbound(HUB),2025-01-25 21:46
001.8805843.780351.000678904,Busan,stock_outbound(HUB),2025-03-03 10:48
001.8805843.780351.000678904,Busan,stock_inbound(Wholesaler),2025-03-03 20:50
001.8805843.780351.000678904,Busan,stock_outbound(Wholesaler),2025-03-29 16:43
001.8805843.780351.000678904,Busan,stock_inbound(Reseller),2025-03-29 18:15
001.8805843.780351.000678904,Busan,stock_outbound(Sell),2025-04-17 21:21
001.8805843.145261.000504970,Yeongju,aggregation,2025-01-21 18:22
001.8805843.145261.000504970,Yeongju,WMS_inbound,2025-01-21 18:43
001.8805843.145261.000504970,Yeongju,WMS_outbound,2025-01-25 15:47
001.8805843.145261.000504970,Busan,stock_inbound(HUB),2025-01-25 20:17
001.8805843.145261.000504970,Busan,stock_outbound(HUB),2025-03-03 9:23
001.8805843.145261.000504970,Busan,stock_inbound(Wholesaler),2025-03-03 23:55
001.8805843.145261.000504970,Busan,stock_outbound(Wholesaler),2025-03-29 7:31
001.8805843.145261.000504970,Busan,stock_inbound(Reseller),2025-03-29 21:04
001.8805843.145261.000504970,Busan,stock_outbound(Sell),2025-04-17 22:25
001.8805843.969160.000494338,Yeongju,aggregation,2025-01-21 18:13
001.8805843.969160.000494338,Yeongju,WMS_inbound,2025-01-21 18:53
001.8805843.969160.000494338,Yeongju,WMS_outbound,2025-01-22 17:10
001.8805843.969160.000494338,Busan,stock_inbound(HUB),2025-01-25 20:41
001.8805843.969160.000494338,Busan,stock_outbound(HUB),2025-03-02 19:45
001.8805843.969160.000494338,Busan,stock_inbound(Wholesaler),2025-03-03 22:37
001.8805843.969160.000494338,Busan,stock_outbound(Wholesaler),2025-03-28 22:54
001.8805843.969160.000494338,Busan,stock_inbound(Reseller),2025-03-29 18:36
001.8805843.969160.000494338,Busan,stock_outbound(Sell),2025-04-18 8:12
001.8805843.174579.000592334,Yeongju,aggregation,2025-01-21 17:59
001.8805843.174579.000592334,Yeongju,WMS_inbound,2025-01-21 18:53
001.8805843.174579.000592334,Yeongju,WMS_outbound,2025-01-23 21:33
001.8805843.174579.000592334,Busan,stock_inbound(HUB),2025-01-25 22:02
001.8805843.174579.000592334,Busan,stock_outbound(HUB),2025-03-03 2:04
001.8805843.174579.000592334,Busan,stock_inbound(Wholesaler),2025-03-03 23:37
001.8805843.174579.000592334,Busan,stock_outbound(Wholesaler),2025-03-29 16:06
001.8805843.174579.000592334,Busan,stock_inbound(Reseller),2025-03-29 18:31
001.8805843.174579.000592334,Busan,stock_outbound(Sell),2025-04-17 18:16
001.8805843.153942.000493414,Yeongju,aggregation,2025-01-21 18:18
001.8805843.153942.000493414,Yeongju,WMS_inbound,2025-01-21 18:37
001.8805843.153942.000493414,Yeongju,WMS_outbound,2025-01-23 15:41
001.8805843.153942.000493414,Busan,stock_inbound(HUB),2025-01-25 20:13
001.8805843.153942.000493414,Busan,stock_outbound(HUB),2025-03-03 5:16
001.8805843.153942.000493414,Busan,stock_inbound(Wholesaler),2025-03-03 20:05
001.8805843.153942.000493414,Busan,stock_outbound(Wholesaler),2025-03-29 3:25
001.8805843.153942.000493414,Busan,stock_inbound(Reseller),2025-03-29 19:04
001.8805843.153942.000493414,Busan,stock_outbound(Sell),2025-04-18 6:21
001.8805843.441059.000788839,Yeongju,aggregation,2025-01-21 18:17
001.8805843.441059.000788839,Yeongju,WMS_inbound,2025-01-21 18:43
001.8805843.441059.000788839,Yeongju,WMS_outbound,2025-01-24 15:42
001.8805843.441059.000788839,Busan,stock_inbound(HUB),2025-01-25 20:41
001.8805843.441059.000788839,Busan,stock_outbound(HUB),2025-03-03 10:42
001.8805843.441059.000788839,Busan,stock_inbound(Wholesaler),2025-03-03 21:04
001.8805843.441059.000788839,Busan,stock_outbound(Wholesaler),2025-03-29 11:12
001.8805843.441059.000788839,Busan,stock_inbound(Reseller),2025-03-29 19:50
001.8805843.441059.000788839,Busan,stock_outbound(Sell),2025-04-18 8:11
001.8805843.933685.000055881,Yeongju,aggregation,2025-01-21 18:10
001.8805843.933685.000055881,Yeongju,WMS_inbound,2025-01-21 18:48
001.8805843.933685.000055881,Yeongju,WMS_outbound,2025-01-24 3:51
001.8805843.933685.000055881,Busan,stock_inbound(HUB),2025-01-25 21:27
001.8805843.933685.000055881,Busan,stock_outbound(HUB),2025-03-03 4:06
001.8805843.933685.000055881,Busan,stock_inbound(Wholesaler),2025-03-03 20:28
001.8805843.933685.000055881,Busan,stock_outbound(Wholesaler),2025-03-29 6:05
001.8805843.933685.000055881,Busan,stock_inbound(Reseller),2025-03-29 20:03
001.8805843.933685.000055881,Busan,stock_outbound(Sell),2025-04-18 6:12
001.8805843.445444.000079720,Yeongju,aggregation,2025-01-21 17:56
001.8805843.445444.000079720,Yeongju,WMS_inbound,2025-01-21 18:38
001.8805843.445444.000079720,Yeongju,WMS_outbound,2025-01-24 2:33
001.8805843.445444.000079720,Busan,stock_inbound(HUB),2025-01-25 20:58
001.8805843.445444.000079720,Busan,stock_outbound(HUB),2025-03-03 13:15
001.8805843.445444.000079720,Busan,stock_inbound(Wholesaler),2025-03-03 21:13
001.8805843.445444.000079720,Busan,stock_outbound(Wholesaler),2025-03-29 3:06
001.8805843.445444.000079720,Busan,stock_inbound(Reseller),2025-03-29 20:18
001.8805843.445444.000079720,Busan,stock_outbound(Sell),2025-04-17 17:59
001.8805843.700805.000845516,Yeongju,aggregation,2025-01-21 17:58
001.8805843.700805.000845516,Yeongju,WMS_inbound,2025-01-21 18:26
001.8805843.700805.000845516,Yeongju,WMS_outbound,2025-01-23 3:00
001.8805843.700805.000845516,Busan,stock_inbound(HUB),2025-01-25 22:03
001.8805843.700805.000845516,Busan,stock_outbound(HUB),2025-03-02 22:39
001.8805843.700805.000845516,Busan,stock_inbound(Wholesaler),2025-03-03 18:41
001.8805843.700805.000845516,Busan,stock_outbound(Wholesaler),2025-03-29 16:34
001.8805843.700805.000845516,Busan,stock_inbound(Reseller),2025-03-29 18:13
001.8805843.700805.000845516,Busan,stock_outbound(Sell),2025-04-17 18:26
001.8805843.446441.000837928,Yeongju,aggregation,2025-01-21 18:11
001.8805843.446441.000837928,Yeongju,WMS_inbound,2025-01-21 18:31
001.8805843.446441.000837928,Yeongju,WMS_outbound,2025-01-22 16:57
001.8805843.446441.000837928,Busan,stock_inbound(HUB),2025-01-25 19:35
001.8805843.446441.000837928,Busan,stock_outbound(HUB),2025-03-02 18:52
001.8805843.446441.000837928,Busan,stock_inbound(Wholesaler),2025-03-04 0:59
001.8805843.446441.000837928,Busan,stock_outbound(Wholesaler),2025-03-29 13:50
001.8805843.446441.000837928,Busan,stock_inbound(Reseller),2025-03-29 20:47
001.8805843.446441.000837928,Busan,stock_outbound(Sell),2025-04-18 0:14
001.8805843.170017.000179080,Yeongju,aggregation,2025-01-21 18:23
001.8805843.170017.000179080,Yeongju,WMS_inbound,2025-01-21 18:37
001.8805843.170017.000179080,Yeongju,WMS_outbound,2025-01-24 0:56
001.8805843.170017.000179080,Busan,stock_inbound(HUB),2025-01-25 19:24
001.8805843.170017.000179080,Busan,stock_outbound(HUB),2025-03-02 22:49
001.8805843.170017.000179080,Busan,stock_inbound(Wholesaler),2025-03-03 21:31
001.8805843.170017.000179080,Busan,stock_outbound(Wholesaler),2025-03-29 8:03
001.8805843.170017.000179080,Busan,stock_inbound(Reseller),2025-03-29 19:50
001.8805843.170017.000179080,Busan,stock_outbound(Sell),2025-04-18 0:55
001.8805843.810641.000880646,Yeongju,aggregation,2025-01-21 18:06
001.8805843.810641.000880646,Yeongju,WMS_inbound,2025-01-21 18:33
001.8805843.810641.000880646,Yeongju,WMS_outbound,2025-01-24 0:06
001.8805843.810641.000880646,Busan,stock_inbound(HUB),2025-01-25 20:02
001.8805843.810641.000880646,Busan,stock_outbound(HUB),2025-03-03 11:17
001.8805843.810641.000880646,Busan,stock_inbound(Wholesaler),2025-03-03 21:06
001.8805843.810641.000880646,Busan,stock_outbound(Wholesaler),2025-03-29 2:31
001.8805843.810641.000880646,Busan,stock_inbound(Reseller),2025-03-29 20:38
001.8805843.810641.000880646,Busan,stock_outbound(Sell),2025-04-18 2:18
001.8805843.800574.000588797,Yeongju,aggregation,2025-01-21 18:13
001.8805843.800574.000588797,Yeongju,WMS_inbound,2025-01-21 18:37
001.8805843.800574.000588797,Yeongju,WMS_outbound,2025-01-22 15:43
001.8805843.800574.000588797,Busan,stock_inbound(HUB),2025-01-25 20:25
001.8805843.800574.000588797,Busan,stock_outbound(HUB),2025-03-03 13:49
001.8805843.800574.000588797,Busan,stock_inbound(Wholesaler),2025-03-04 0:09
001.8805843.800574.000588797,Busan,stock_outbound(Wholesaler),2025-03-29 7:39
001.8805843.800574.000588797,Busan,stock_inbound(Reseller),2025-03-29 18:35
001.8805843.800574.000588797,Busan,stock_outbound(Sell),2025-04-18 14:03
001.8805843.309279.000437209,Yeongju,aggregation,2025-01-21 18:14
001.8805843.309279.000437209,Yeongju,WMS_inbound,2025-01-21 18:35
001.8805843.309279.000437209,Yeongju,WMS_outbound,2025-01-22 8:21
001.8805843.309279.000437209,Busan,stock_inbound(HUB),2025-01-25 19:27
001.8805843.309279.000437209,Busan,stock_outbound(HUB),2025-03-03 7:40
001.8805843.309279.000437209,Busan,stock_inbound(Wholesaler),2025-03-03 22:52
001.8805843.309279.000437209,Busan,stock_outbound(Wholesaler),2025-03-29 12:06
001.8805843.309279.000437209,Busan,stock_inbound(Reseller),2025-03-29 17:54
001.8805843.309279.000437209,Busan,stock_outbound(Sell),2025-04-18 6:02
001.8805843.753593.000102575,Yeongju,aggregation,2025-01-21 17:54
001.8805843.753593.000102575,Yeongju,WMS_inbound,2025-01-21 18:28
001.8805843.753593.000102575,Yeongju,WMS_outbound,2025-01-23 21:47
001.8805843.753593.000102575,Busan,stock_inbound(HUB),2025-01-25 21:18
001.8805843.753593.000102575,Busan,stock_outbound(HUB),2025-03-02 18:29
001.8805843.753593.000102575,Busan,stock_inbound(Wholesaler),2025-03-03 17:58
001.8805843.753593.000102575,Busan,stock_outbound(Wholesaler),2025-03-29 11:20
001.8805843.753593.000102575,Busan,stock_inbound(Reseller),2025-03-29 18:52
001.8805843.753593.000102575,Busan,stock_outbound(Sell),2025-04-18 0:11
001.8805843.654959.000302222,Yeongju,aggregation,2025-01-21 18:05
001.8805843.654959.000302222,Yeongju,WMS_inbound,2025-01-21 18:30
001.8805843.654959.000302222,Yeongju,WMS_outbound,2025-01-25 16:30
001.8805843.654959.000302222,Busan,stock_inbound(HUB),2025-01-25 22:51
001.8805843.654959.000302222,Busan,stock_outbound(HUB),2025-03-03 12:38
001.8805843.654959.000302222,Busan,stock_inbound(Wholesaler),2025-03-03 20:22
001.8805843.654959.000302222,Busan,stock_outbound(Wholesaler),2025-03-29 4:19
001.8805843.654959.000302222,Busan,stock_inbound(Reseller),2025-03-29 19:38
001.8805843.654959.000302222,Busan,stock_outbound(Sell),2025-04-18 5:19
001.8805843.600341.000487452,Yeongju,aggregation,2025-01-21 18:05
001.8805843.600341.000487452,Yeongju,WMS_inbound,2025-01-21 18:53
001.8805843.600341.000487452,Yeongju,WMS_outbound,2025-01-25 15:12
001.8805843.600341.000487452,Busan,stock_inbound(HUB),2025-01-25 22:46
001.8805843.600341.000487452,Busan,stock_outbound(HUB),2025-03-03 10:45
001.8805843.600341.000487452,Busan,stock_inbound(Wholesaler),2025-03-03 21:27
001.8805843.600341.000487452,Busan,stock_outbound(Wholesaler),2025-03-28 20:41
001.8805843.600341.000487452,Busan,stock_inbound(Reseller),2025-03-29 21:34
001.8805843.600341.000487452,Busan,stock_outbound(Sell),2025-04-18 4:42
001.8805843.892643.000785435,Yeongju,aggregation,2025-01-21 18:17
001.8805843.892643.000785435,Yeongju,WMS_inbound,2025-01-21 18:39
001.8805843.892643.000785435,Yeongju,WMS_outbound,2025-01-22 15:38
001.8805843.892643.000785435,Busan,stock_inbound(HUB),2025-01-25 20:12
001.8805843.892643.000785435,Busan,stock_outbound(HUB),2025-03-03 12:46
001.8805843.892643.000785435,Busan,stock_inbound(Wholesaler),2025-03-03 21:51
001.8805843.892643.000785435,Busan,stock_outbound(Wholesaler),2025-03-29 12:43
001.8805843.892643.000785435,Busan,stock_inbound(Reseller),2025-03-29 19:07
001.8805843.892643.000785435,Busan,stock_outbound(Sell),2025-04-18 1:17
001.8805843.703868.000735864,Yeongju,aggregation,2025-01-21 18:05
001.8805843.703868.000735864,Yeongju,WMS_inbound,2025-01-21 18:40
001.8805843.703868.000735864,Yeongju,WMS_outbound,2025-01-23 17:00
001.8805843.703868.000735864,Busan,stock_inbound(HUB),2025-01-25 21:17
001.8805843.703868.000735864,Busan,stock_outbound(HUB),2025-03-03 16:37
001.8805843.703868.000735864,Busan,stock_inbound(Wholesaler),2025-03-03 21:41
001.8805843.703868.000735864,Busan,stock_outbound(Wholesaler),2025-03-29 3:00
001.8805843.703868.000735864,Busan,stock_inbound(Reseller),2025-03-29 21:48
001.8805843.703868.000735864,Busan,stock_outbound(Sell),2025-04-18 17:12
001.8805843.424064.000948178,Yeongju,aggregation,2025-01-21 17:55
001.8805843.424064.000948178,Yeongju,WMS_inbound,2025-01-21 18:46
001.8805843.424064.000948178,Yeongju,WMS_outbound,2025-01-24 19:52
001.8805843.424064.000948178,Busan,stock_inbound(HUB),2025-01-25 21:49
001.8805843.424064.000948178,Busan,stock_outbound(HUB),2025-03-03 15:13
001.8805843.424064.000948178,Busan,stock_inbound(Wholesaler),2025-03-03 20:17
001.8805843.424064.000948178,Busan,stock_outbound(Wholesaler),2025-03-29 15:47
001.8805843.424064.000948178,Busan,stock_inbound(Reseller),2025-03-29 21:24
001.8805843.424064.000948178,Busan,stock_outbound(Sell),2025-04-17 19:11
